playerId,player,team,position,age,exp,bye,points,lower,upper,sdPts,positionRank,dropoff,tier,ptSpread,overallECR,positionECR,sdRank,risk,sleeper,salary
2558019,Alvin Kamara,NO,RB,23,2,9,22.9282908065693,19.9164436159963,25.7561124381298,3.6145326460771,1,0.196017039294258,1,5.83966882213356,NA,2.6,1.2,2.21327700490465,NA,NA
2557997,Christian McCaffrey,CAR,RB,23,2,7,22.8053545591781,20.84,24.2920590685859,1.27927002154633,2,2.15313767766342,1,3.4520590685859,NA,2.5,1.1,2.14408072285939,NA,NA
2560968,Saquon Barkley,NYG,RB,22,1,11,22.6591929753719,20.2758436213992,23.9913706958676,1.43517431895513,3,4.29456245417771,1,3.71552707446842,NA,1.9,1.3,2.28247328694991,NA,NA
2558125,Patrick Mahomes,KC,QB,NA,2,12,20.9569564439979,18.8396683225554,22.9814585586615,2.48298157902982,1,1.24972084848731,1,4.14179023610616,NA,2.6,1.7,7.58263667147212,NA,NA
2540165,DeAndre Hopkins,HOU,WR,27,6,10,20.8711369854208,18.3125977318212,23.510611964636,2.28169435709734,1,0.665925755236245,1,5.19801423281474,NA,1.3,0.8,2.36545130578732,NA,NA
2558063,Deshaun Watson,HOU,QB,24,2,10,20.2771918176708,17.4577914951989,21.9758751363599,1.92451013399286,2,1.16627092880998,1,4.51808364116095,NA,1.3,0.6,5.18594627431301,NA,NA
2558149,JuJu Smith-Schuster,PIT,WR,23,2,7,20.2594813875277,18.2284969979987,22.0930143382621,1.82565367535897,2,0.263519738096679,1,3.86451734026343,NA,6,1.8,2.73253251718346,NA,NA
2543495,Davante Adams,GB,WR,27,5,11,20.1509410728413,18.0009023587493,22.5203560920473,2.32982361279788,3,0.586065615363143,1,4.51945373329797,NA,4.5,2.1,2.8426568806023,NA,NA
2556370,Michael Thomas,NO,WR,25,3,9,19.8409822260208,17.4214437739989,22.215160333436,2.16972403513457,4,0.721112567607086,1,4.79371655943709,NA,4,1.4,2.585700032625,NA,NA
2495454,Julio Jones,ATL,WR,30,8,9,19.2887686889355,15.6647520570488,22.6691582922589,3.36094503118828,5,0.363965296702709,1,7.00440623521003,NA,6.6,2.1,2.8426568806023,NA,NA
2504775,Drew Brees,NO,QB,40,18,9,19.1372793733503,16.6520010278722,20.4756731751642,2.24342004389902,3,0.198651464285952,1,3.82367214729202,NA,4.9,2.3,7.99879074496515,NA,NA
2532975,Russell Wilson,SEA,QB,31,7,11,19.0845624043712,17.855,19.5819928417269,0.794583264618794,4,0.364267287603063,2,1.72699284172691,NA,7.7,3.3,6.97365026701561,NA,NA
2543468,Mike Evans,TB,WR,26,5,7,18.950970627892,15.811263302249,21.6141286052056,2.54309745883938,6,0.44443610174195,1,5.80286530295653,NA,4.7,1.8,2.73253251718346,NA,NA
2543496,Odell Beckham,CLE,WR,27,5,7,18.8986361565735,15.4784969829951,22.3700005260569,3.54680731452278,7,0.805941966367744,1,6.89150354306181,NA,3.4,2,2.80594875946269,NA,NA
2560757,Lamar Jackson,BAL,QB,22,1,8,18.7926934137575,17.7800791760577,19.4437874966132,0.688821309169443,5,0.259623924251006,2,1.66370832055556,NA,8.1,2.9,6.26149155390479,NA,NA
2555260,Dak Prescott,DAL,QB,26,3,8,18.6478968197789,16.7324069028156,20.3388817941953,1.52247326245353,6,0.254995734582906,2,3.60647489137963,NA,11.2,2.8,7.49190547520818,NA,NA
2557991,Dalvin Cook,MIN,RB,24,2,12,18.6452407876575,16.4487654320988,19.904345871814,1.78915866801138,4,0.581923642906446,2,3.45558043971525,NA,5.3,1.9,2.69765097922145,NA,NA
2506363,Aaron Rodgers,GB,QB,36,14,11,18.4182421592342,15.716817558299,20.1785708941453,1.86584153199439,7,0.109157899976363,2,4.46175333584621,NA,9.9,3.1,8.45841718303132,NA,NA
2555259,Carson Wentz,PHI,QB,27,3,10,18.3675600111577,16.6356120305895,19.2253836565329,1.41739067697132,8,0.124994272786658,2,2.58977162594346,NA,5.4,2.1,6.37663395484253,NA,NA
2552033,Jameis Winston,TB,QB,25,4,7,18.2506085073578,15.1795842911233,19.3270961702128,1.42046330316737,9,0.137104972532661,2,4.14751187908947,NA,4.8,2.7,7.19011620046703,NA,NA
2495455,Cam Newton,CAR,QB,30,8,7,18.2345229693843,14.5359746470661,19.5117066093543,1.73695121598102,10,0.365416240141958,2,4.97573196228823,NA,9.3,3.1,8.24735146422656,NA,NA
2540154,Keenan Allen,LAC,WR,27,6,12,18.1144328957265,14.6169445968184,20.9870419132096,2.46637635753953,8,0.204587590190787,2,6.37009731639116,NA,10.7,2.2,2.87936500174192,NA,NA
2555224,Ezekiel Elliott,DAL,RB,24,3,8,18.0840202547308,14.84,19.7744867478995,2.08087978963588,5,0.045198776423923,2,4.93448674789945,NA,17.2,16.5,12.800308157829,NA,NA
2556214,Tyreek Hill,KC,WR,25,3,12,18.0709554846851,16.0210440936457,20.3873973863697,2.00848602164335,9,0.469633597076932,2,4.36635329272406,NA,6.9,2.1,2.8426568806023,NA,NA
2553435,David Johnson,ARI,RB,28,4,12,18.0426140347713,15.826817558299,19.993310449036,2.0164169140066,6,0.0981445196877,2,4.166492890737,NA,7.9,2.1,2.83604354331196,NA,NA
2557973,Leonard Fournette,JAC,RB,23,2,10,18.0350289218426,15.87,19.8149615354593,2.16562919155286,7,0.190899777018707,2,3.94496153545926,NA,9.4,2.5,3.11282867149299,NA,NA
2555334,Jared Goff,LAR,QB,25,3,9,17.992484100266,14.7939535009326,19.2372592288358,1.55277583008127,11,0.403842530568912,2,4.44330572790329,NA,12.1,2.8,7.54152776969704,NA,NA
2540175,LeVeon Bell,NYJ,RB,27,6,4,17.8539101083246,15.53,18.944275905398,1.31788923456022,8,0.185156358585164,2,3.41427590539796,NA,11,2.5,3.11282867149299,NA,NA
2561021,Nick Chubb,CLE,RB,24,1,7,17.8343481813232,16.079,18.9214461332892,1.36252213475197,9,0.487052586108565,2,2.84244613328919,NA,5.7,1.6,2.49006213308568,NA,NA
2541785,Adam Thielen,MIN,WR,29,5,12,17.7487351263865,14.159,20.5601286368646,2.77987655497777,10,0.361112670218475,2,6.40112863686463,NA,10.9,2.8,3.0996137285796,NA,NA
2558008,Mitchell Trubisky,CHI,QB,25,2,6,17.7457293582187,14.841114400302,18.6198627671829,1.37309109175596,12,0.395037398744901,3,3.77874836688094,NA,18.5,3.7,8.45995905055855,NA,NA
2557978,James Conner,PIT,RB,24,2,7,17.5031593181556,15.1587654320988,18.8846849011564,1.48106241146476,10,0.330117998912041,2,3.7259194690576,NA,8.7,2,2.7668472612667,NA,NA
2552430,Tyler Lockett,SEA,WR,27,4,11,17.4539086488298,13.63,20.9734181961523,3.7249939566376,11,0.545986120843192,2,7.34341819615225,NA,12.8,3.1,3.20973809199844,NA,NA
2560800,Baker Mayfield,CLE,QB,24,1,7,17.4315537811754,12.6098376765604,19.5775888592514,2.38847472502449,13,0.171630462283751,3,6.967751182691,NA,7.1,2.3,8.23632659315538,NA,NA
2508061,Antonio Brown,OAK,WR,31,9,6,17.3213362635062,14.03,20.1428732754427,2.86371921771292,12,0.831816895181241,2,6.11287327544268,NA,11.7,3,3.17302997085883,NA,NA
2504211,Tom Brady,NE,QB,42,19,10,17.2698301377722,15.1831468044389,18.0843074646478,1.12026663067587,14,0.107399073394177,3,2.90116066020886,NA,15.2,3.2,7.37223478243729,NA,NA
2506109,Ben Roethlisberger,PIT,QB,37,15,7,17.2500165000111,16.1212345679012,17.9085499261701,0.755285999186649,15,0.217182393281419,3,1.78731535826886,NA,13.9,2.9,6.37033151960215,NA,NA
2558865,Chris Carson,SEA,RB,25,2,11,17.1914318722737,14.2261042524005,19.4977039677634,2.62367120551736,11,0.255926558524848,2,5.2715997153629,NA,6.9,3,3.45881008171928,NA,NA
2560765,Kerryon Johnson,DET,RB,22,1,5,17.1546507662134,15.216,18.633962797741,1.71698298556806,12,0.479370292307223,2,3.41796279774099,NA,13.2,3,3.45881008171928,NA,NA
2506121,Philip Rivers,LAC,QB,38,15,12,17.074845628745,15.8894285610164,17.9456266738718,1.07444643784637,16,0.175433298523352,3,2.05619811285544,NA,17.2,2.8,6.7582343453328,NA,NA
310,Matt Ryan,ATL,QB,34,11,9,16.9908225847144,14.9009625835847,18.3419346453455,1.67419027589985,17,0.478246114730474,3,3.44097206176077,NA,16.6,3.4,8.54880193077237,NA,NA
2540258,Travis Kelce,KC,TE,30,6,12,16.857728559252,12.6122244759973,19.188588246392,2.41048973454175,1,0.946772304854694,1,6.5763637703947,NA,1.3,0.6,6.22817963706397,NA,NA
2532820,Kirk Cousins,MIN,QB,31,7,12,16.8080020757288,16.0792167940427,17.5692910030395,0.651421664408535,18,0.653509478232674,3,1.49007420899679,NA,14.3,3.3,6.73921445377358,NA,NA
2557976,Joe Mixon,CIN,RB,23,2,9,16.7163598612842,15.9564070021882,17.4770871318626,1.37304450843106,13,0.349088123803558,3,1.52068012967443,NA,14.7,2.3,2.97443610740248,NA,NA
2552475,Todd Gurley,LAR,RB,25,4,9,16.6342010865281,14.674992027687,18.3203131786051,1.96967340330171,14,1.11069246877846,3,3.64532115091811,NA,10.6,2.8,3.32041751762876,NA,NA
2552487,Amari Cooper,DAL,WR,25,4,8,16.4945087924671,14.442,19.2542871453445,2.39217241135955,13,0.162927236453363,2,4.81228714534452,NA,14,3.4,3.31986245541729,NA,NA
238498,Julian Edelman,NE,WR,33,10,10,16.4845299441828,12.23,19.8570877686452,3.32672477910052,14,0.395171047015975,2,7.6270877686452,NA,16.9,3,3.17302997085883,NA,NA
2562382,Kyler Murray,ARI,QB,49,0,12,16.2171508642391,11.5376733011142,18.4349271802553,2.58625317747466,19,0.421694963612772,3,6.89725387914113,NA,15.4,3.6,10.3118438579112,NA,NA
2555466,Tyler Boyd,CIN,WR,25,3,9,16.1786331678446,13.203400318152,19.4300019564058,3.82304279135937,15,0.564621926705428,2,6.22660163825385,NA,23,4.1,3.57681930339459,NA,NA
2559169,Austin Ekeler,LAC,RB,NA,NA,12,16.1003423884333,13.7490260631001,17.2570117525078,1.56143228324272,15,1.19639054369522,3,3.5079856894077,NA,23.2,4,4.15077290217185,NA,NA
2543801,Jimmy Garoppolo,SF,QB,28,5,4,16.0918343307532,9.50808949496074,18.1626794528875,3.36257095681807,20,0.662151353432725,3,8.6545899579268,NA,17.6,2.9,10.6399189543496,NA,NA
2540158,Zach Ertz,PHI,TE,29,6,10,16.02590093625,12.9154969979987,18.294972497589,2.14174086981743,2,1.69392856094457,1,5.37947549959036,NA,3,0.8,5.79047592064338,NA,NA
2543498,Brandin Cooks,LAR,WR,26,5,9,16.000084626489,14.4734969979987,17.3922247494982,2.25336977355603,16,1.02388344224599,2,2.91872775149951,NA,15.3,2.6,3.02619748630037,NA,NA
2558266,George Kittle,SF,TE,26,2,4,15.7960115725445,9.91301081812035,17.7330864270885,2.69036978042319,3,2.96059100493996,1,7.82007560896811,NA,2,0.7,6.77350890334619,NA,NA
2560955,Josh Allen,BUF,QB,23,1,6,15.4990774704994,13.8551882226141,16.1864985048011,0.870036359453645,21,0.56609247529399,4,2.33131028218695,NA,20.6,2.6,6.15401688545376,NA,NA
79860,Matthew Stafford,DET,QB,31,10,5,15.3602884841416,13.7341296822105,16.8721812319568,1.86385447567567,22,1.08198712187265,4,3.13805154974628,NA,21.4,3,8.32042148537763,NA,NA
2552608,Stefon Diggs,MIN,WR,26,4,12,15.2279378557894,12.1757317608338,17.6109688872176,2.05094120063512,17,0.674737575677842,3,5.43523712638383,NA,14.2,3.1,3.20973809199844,NA,NA
2562377,Josh Jacobs,OAK,RB,49,0,6,14.9466748470661,13.4590260631001,16.5201587507557,1.59472064053511,16,0.329430897182029,4,3.06113268765553,NA,22.7,3,3.45881008171928,NA,NA
2550512,Damien Williams,KC,RB,27,5,12,14.86122884241,11.9091832059573,17.1326338878263,2.61630272090349,17,0.513003212901125,4,5.22345068186906,NA,20.4,3.6,3.87398777399082,NA,NA
2558052,Kenny Golladay,DET,WR,26,2,5,14.7244645126966,12.7497685134394,16.3259721599932,1.95052409198787,18,0.34864737208037,3,3.57620364655385,NA,17,3.7,3.42998681883613,NA,NA
2543499,Derek Carr,OAK,QB,28,5,6,14.5056815062693,10.4242197091659,15.769127435654,1.99621235827048,23,0.641967733830507,4,5.34490772648809,NA,24.4,1.3,6.24655542632139,NA,NA
2540169,Robert Woods,LAR,WR,27,6,9,14.3819360475266,12.8471725046242,15.5545087209302,1.08945632816486,19,0.080418065837089,3,2.707336216306,NA,17.9,2.7,3.06290560743999,NA,NA
2543583,Devonta Freeman,ATL,RB,27,5,9,14.3732590573581,11.8,16.0716743633193,1.72954261243627,18,0.142173517908949,4,4.27167436331934,NA,20.5,2.7,3.2512212355835,NA,NA
2557895,Dede Westbrook,JAC,WR,26,2,10,14.3696982337058,10.8323357759193,17.3513273983677,3.9091333978734,20,0.206120016509374,3,6.51899162244836,NA,29.8,4.9,3.8704842725115,NA,NA
2558116,Aaron Jones,GB,RB,25,2,11,14.3231922016596,11.4487654320988,16.3662040665656,2.61700408235507,19,0.249778508350536,4,4.91743863446681,NA,18.3,2.8,3.32041751762876,NA,NA
2560813,D.J. Moore,CAR,WR,22,1,7,14.2333377296731,11.0912345679012,17.3497036956554,3.81973447371782,21,0.338448853193629,3,6.2584691277542,NA,26.4,2.8,3.0996137285796,NA,NA
2559947,Phillip Lindsay,DEN,RB,25,1,10,14.1389788772387,12.4216227017556,15.8847466560761,1.98060620950454,20,0.26251743572926,4,3.46312395432054,NA,22.5,3,3.45881008171928,NA,NA
2558105,Chris Godwin,TB,WR,23,2,7,14.0938187047198,12.5097751834556,14.8588061690555,0.874751334729571,22,0.560092971677642,3,2.34903098559989,NA,15.6,3.2,3.24644621313806,NA,NA
2532842,Nick Foles,JAC,QB,30,7,10,14.0509212182685,9.41177528095969,15.490304026068,2.25255612291561,24,0.617357698282603,4,6.07852874510831,NA,21.9,1.5,6.93581745089764,NA,NA
2495466,Mark Ingram,BAL,RB,30,8,8,14.0078485093795,11.7441563786008,15.9610447234903,2.3756454561706,21,0.398747404342293,4,4.21688834488947,NA,14.3,2.8,3.32041751762876,NA,NA
2562502,David Montgomery,CHI,RB,49,0,6,13.7450743736394,11.8,16.1180997864686,1.90949441883441,22,0.547945715693746,4,4.31809978646855,NA,19.6,3.6,3.87398777399082,NA,NA
2543509,Allen Robinson,CHI,WR,26,5,6,13.6959590482392,11.51,16.3545034956381,3.12170611898389,23,0.416456575485208,3,4.84450349563811,NA,24,3.7,3.42998681883613,NA,NA
2555261,Jacoby Brissett,IND,QB,27,3,6,13.6765063266092,12.641486478542,14.7101038227884,0.994461982495667,25,0.494840344706688,5,2.06861734424641,NA,26.2,1.5,4.87561190338201,NA,NA
2556075,Derrick Henry,TEN,RB,25,3,11,13.473127836435,10.98,14.8787236850953,1.63647787003679,23,0.56339716521876,4,3.89872368509525,NA,19.3,4.1,4.2199691842171,NA,NA
2533039,Alshon Jeffery,PHI,WR,29,7,10,13.3714924178451,10.6035376344086,15.8322424972338,2.96729447055497,24,0.239276723343533,3,5.2287048628252,NA,24.6,3.5,3.3565705765569,NA,NA
382,Joe Flacco,DEN,QB,34,11,10,13.1906207133625,10.9904100333137,15.0848442188426,1.75294068522874,26,0.090959907978455,5,4.09443418552886,NA,26.4,1.7,6.38715037915046,NA,NA
2557898,Cooper Kupp,LAR,WR,26,2,9,13.187512527663,9.92016344086021,16.099095807503,2.97494426095364,25,0.17378122646366,3,6.1789323666428,NA,21.3,3.6,3.39327869769651,NA,NA
2495143,Andy Dalton,CIN,QB,32,8,9,13.1727112504426,11.33,14.6572234650456,1.47861584064268,27,0.388781270928284,5,3.32722346504559,NA,29.5,1.6,5.80318501661999,NA,NA
2532865,T.Y. Hilton,IND,WR,30,7,6,13.0769188613401,12.225,14.1275677204648,0.919802622263935,26,0.142738718423084,4,1.90256772046478,NA,24.4,3.8,3.46669493997574,NA,NA
2552466,Marcus Mariota,TEN,QB,26,4,11,13.0266103603255,11.056817558299,14.4140280099966,1.33432722692323,28,0.857859498322041,5,3.35721045169753,NA,27.8,1.4,5.29742010577143,NA,NA
2555295,Sterling Shepard,NYG,WR,NA,3,11,12.9505437410585,11.88,13.5172701127771,0.701653576440389,27,0.039112375724677,4,1.63727011277708,NA,34.9,4.1,3.57681930339459,NA,NA
2560809,Sony Michel,NE,RB,24,1,10,12.9211294794562,9.99610425240055,15.5279621539642,2.60732254481655,24,0.197601522499976,4,5.53185790156362,NA,14.5,3.8,4.01238033808133,NA,NA
2537931,Josh Gordon,NE,WR,28,7,10,12.9178165447756,10.4030659498208,15.1599932425455,2.67493587528748,28,0.128735620070042,4,4.75692729272468,NA,28.7,7.3,4.75147917986224,NA,NA
2558846,Mike Williams,LAC,WR,25,2,12,12.905046185892,10.0030043010753,14.5934971674185,2.02356780573625,29,0.450013664822512,4,4.59049286634324,NA,23.8,2.9,3.13632184971922,NA,NA
2558123,Marlon Mack,IND,RB,NA,2,6,12.8983318629764,10.8758436213992,14.5426916544399,1.89973371788536,25,0.352143862731692,5,3.66684803304075,NA,22.8,2.7,3.2512212355835,NA,NA
2557858,Evan Engram,NYG,TE,25,2,11,12.8679331780665,8.85800676132522,14.945197424936,2.77584703798503,4,0.491259832188396,2,6.08719066361077,NA,5.9,1.1,7.0473122844058,NA,NA
2557856,O.J. Howard,TB,TE,25,2,7,12.8029079571426,9.43177958079784,15.2818637971537,2.32545593534861,5,1.16544357944184,2,5.85008421635589,NA,4.3,0.9,6.15840828072329,NA,NA
2560836,Dante Pettis,SF,WR,24,1,4,12.673115663519,11.24,14.3136347416311,1.42453828118836,30,0.449070388376745,4,3.07363474163111,NA,33.1,5.7,4.16414924162841,NA,NA
2552461,Duke Johnson,HOU,RB,26,4,10,12.548724050936,10.3390260631001,14.4567727080299,1.80145780077785,26,0.090107846997759,5,4.11774664492975,NA,26.8,4,4.15077290217185,NA,NA
2543773,James White,NE,RB,27,5,10,12.5436519495533,11.099,13.6943792614329,1.15273999683494,27,0.579552747012059,5,2.59537926143286,NA,29.4,3.2,3.59720264580979,NA,NA
2561036,Sam Darnold,NYJ,QB,22,1,4,12.5412495987032,9.17612560332682,14.4145491803547,2.10992538978328,29,1.00632214964476,5,5.23842357702787,NA,25.6,1.7,6.9717345092824,NA,NA
2558918,Matt Breida,SF,RB,24,2,4,12.3735804583232,10.693,14.2723419473102,2.04953868180971,28,0.997608635952565,5,3.57934194731021,NA,29.2,4.2,4.28916546626236,NA,NA
2556462,Robby Anderson,NYJ,WR,26,3,4,12.23694937862,9.44131932773109,14.4535783977133,2.84525819826626,31,0.08740399891073,4,5.01225906998224,NA,34.5,4.6,3.76035990909266,NA,NA
2558066,Curtis Samuel,CAR,WR,23,2,7,12.2111411716646,9.61293863772385,14.8837860351982,3.10146339097901,32,0.187517403175663,4,5.27084739747438,NA,34.2,3.8,3.46669493997574,NA,NA
2532884,Marvin Jones,DET,WR,29,7,5,12.0879495877539,9.08,14.7026227117201,3.04420991858011,33,0.26337997047135,4,5.62262271172015,NA,28.8,4.1,3.57681930339459,NA,NA
497322,Emmanuel Sanders,DEN,WR,32,9,10,11.959297949224,9.84764145658263,13.2513968869301,1.54427122174263,34,0.400690399002078,4,3.40375543034743,NA,46,7.4,4.78818730100185,NA,NA
71265,Jared Cook,NO,TE,32,10,9,11.9504387346136,10.487,13.3869931214574,1.39890560223261,6,0.968553777620453,2,2.89999312145741,NA,6.9,1.1,4.50724884515222,NA,NA
2505996,Eli Manning,NYG,QB,38,15,11,11.7962521253037,9.29097393689986,13.6578114346499,1.87454959706594,30,0.590714828720893,6,4.36683749775,NA,29.5,1.2,5.91258349510356,NA,NA
2560888,Courtland Sutton,DEN,WR,24,1,10,11.6898412853412,9.378,13.9909467455386,3.15701687654131,35,0.304890368327477,4,4.61294674553863,NA,42.2,4.1,3.57681930339459,NA,NA
2558250,Tarik Cohen,CHI,RB,24,2,6,11.5546179467593,9.916,12.8346514707011,1.4206623962056,29,0.382111277840849,5,2.91865147070106,NA,33.6,3.4,3.7355952099003,NA,NA
2506106,Larry Fitzgerald,ARI,WR,36,15,12,11.4273738151026,9.664162464986,12.9773299554055,1.40884649759927,36,0.170669204915107,5,3.31316749041952,NA,41.5,3.5,3.3565705765569,NA,NA
2543488,Jarvis Landry,CLE,WR,27,5,7,11.3425280189248,9.51740237514038,12.8345581395349,1.4994295044479,37,0.246419241154724,5,3.31715576439451,NA,34.2,3.3,3.28315433427767,NA,NA
100009,Broncos,DEN,DST,NA,NA,10,11.3368028571429,6.46974,11.2255351681957,2.29067882672026,1,0.349308285714285,1,4.75579516819572,NA,NA,NA,7.05395801215091,NA,NA
2540215,Vance McDonald,PIT,TE,29,6,7,11.3244900207879,7.68200202839757,14.0097035635289,3.53170882676439,7,0.784515641638773,2,6.32770153513136,NA,8.5,1.4,8.52875297222255,NA,NA
2506581,Ryan Fitzpatrick,MIA,QB,37,14,5,11.2736027728132,7.12363571428571,13.8447055927052,3.12259047824109,31,4.88292137448829,6,6.72106987841945,NA,30.9,1,7.68684267561115,NA,NA
2552453,Tevin Coleman,SF,RB,26,4,4,11.197325697982,9.424,12.9202464468637,1.7008620319767,30,0.208227382910739,5,3.49624644686371,NA,25.4,3.8,4.01238033808133,NA,NA
2557848,Corey Davis,TEN,WR,24,2,11,11.1708812014502,9.74444301075269,12.0384186639048,0.90822701389025,38,0.155520073958357,5,2.29397565315213,NA,38.9,3.8,3.46669493997574,NA,NA
2555418,Jordan Howard,PHI,RB,25,3,10,11.1476876398549,8.58529285714286,14.7518644179867,3.51324313092821,31,0.757168417210696,5,6.16657156084388,NA,33.8,4.2,4.28916546626236,NA,NA
2532888,Case Keenum,WAS,QB,31,7,10,11.1374718203524,7.86768898687047,13.1780541524057,2.05039405656854,32,9.93340334347793,6,5.31036516553526,NA,31.4,1.2,6.20053947496863,NA,NA
100002,Ravens,BAL,DST,NA,NA,8,11.0989937142857,10.13974,12.1128134556575,0.960802786549214,2,0.24361843570348,2,1.97307345565749,NA,NA,NA,3.90668352405392,NA,NA
2560781,Christian Kirk,ARI,WR,23,1,12,11.0213363540899,8.33463159431833,12.4961106672887,1.83977548899987,39,0.028020852572949,5,4.1614790729704,NA,38.9,3.3,3.28315433427767,NA,NA
2555346,Will Fuller,HOU,WR,25,3,10,11.0093859008938,9.951,11.7951313069909,0.887601937123695,40,0.061748816383396,5,1.84413130699088,NA,27.8,4.9,3.8704842725115,NA,NA
2560854,Calvin Ridley,ATL,WR,25,1,9,10.9772451021402,9.57043904969395,12.0220659567901,1.1753545652342,41,0.134436961855629,5,2.45162690709617,NA,29.5,3.6,3.39327869769651,NA,NA
2560735,Michael Gallup,DAL,WR,23,1,8,10.9180290668805,9.17117921146954,13.2293538300536,2.53352586994444,42,0.419373644169458,5,4.05817461858406,NA,43.4,4.3,3.65023554567381,NA,NA
100005,Bears,CHI,DST,NA,NA,6,10.8759954285714,5.9368,12.0180581395349,3.14541749733599,3,0.192944435703479,2,6.08125813953488,NA,NA,NA,9.07677602733434,NA,NA
100010,Lions,DET,DST,NA,NA,5,10.834755128593,6.79974,11.516523255814,2.20919731643491,4,0.35044055716447,2,4.71678325581395,NA,NA,NA,6.86112449171264,NA,NA
2561000,Derrius Guice,WAS,RB,22,1,10,10.8305089902876,6.76351177738585,12.4313558554589,2.21360437525979,32,0.959059076567248,5,5.66784407807309,NA,35.1,3.9,4.08157662012659,NA,NA
2543457,Sammy Watkins,KC,WR,26,5,12,10.7675872136886,9.03536702508961,12.4797103343465,1.6115280026183,43,0.708813400974462,5,3.4443433092569,NA,37.7,4.8,3.83377615137188,NA,NA
2555341,Hunter Henry,LAC,TE,25,3,12,10.6392798931983,9.20111223799865,11.367866,0.8331354862423,8,0.446812534759014,3,2.16675376200135,NA,4.9,0.7,3.34744240096155,NA,NA
100007,Browns,CLE,DST,NA,NA,7,10.5313468571429,5.775,11.2135523255814,2.25203696972731,5,0.131384285714287,2,5.4385523255814,NA,NA,NA,6.96250848827576,NA,NA
2557986,David Njoku,CLE,TE,23,2,7,10.4406688650999,8.30177958079784,12.1581541032681,2.20325917108564,9,0.723253620196338,3,3.85637452247026,NA,9.7,1.9,6.22329584522285,NA,NA
100030,Seahawks,SEA,DST,NA,NA,11,10.4372822857143,6.535,10.8290988372093,1.77980634070463,6,0.256945714285713,3,4.2940988372093,NA,NA,NA,5.84493108532479,NA,NA
100028,Chargers,LAC,DST,NA,NA,12,10.3626428571429,6.42,10.7293673913043,2.18702773258141,7,0.375666571428571,3,4.30936739130435,NA,NA,NA,6.80865812374583,NA,NA
1581,DeSean Jackson,PHI,WR,33,11,10,10.2297236317335,8.89607818930041,10.904869,0.790110142339711,44,0.34675924547706,6,2.00879081069959,NA,38.6,4.5,3.72365178795304,NA,NA
100025,Eagles,PHI,DST,NA,NA,10,9.99803028571429,8.835,10.6572747093023,0.775724522922251,8,1.28849714285714,3,1.82227470930233,NA,NA,NA,3.46867871772662,NA,NA
100008,Cowboys,DAL,DST,NA,NA,8,9.97592228571429,4.085,10.8846802325581,3.09261437472474,9,2.59571314285714,3,6.79968023255814,NA,NA,NA,8.95181256031461,NA,NA
2555230,Kenyan Drake,MIA,RB,NA,3,5,9.95052945500081,7.95450127010791,10.9819805471125,1.2864556375875,33,0.370001903352907,6,3.02747927700455,NA,36.8,3.6,3.87398777399082,NA,NA
2495966,Delanie Walker,TEN,TE,35,13,11,9.9442658517787,7.60912035158891,11.8064190136022,2.61730235000544,10,0.581682744590287,3,4.19729866201331,NA,10.2,1.5,6.87096491384203,NA,NA
2543847,John Brown,BUF,WR,29,5,6,9.88782399369476,7.718,11.3017517852093,1.67876187379912,45,0.113283577249563,6,3.5837517852093,NA,45.5,3.8,3.46669493997574,NA,NA
2543614,Donte Moncrief,PIT,WR,26,5,7,9.87810477881817,9.02952380952381,10.3561817850742,0.565071569085581,46,0.272225622316505,6,1.32665797555044,NA,47,4.3,3.65023554567381,NA,NA
2562722,Miles Sanders,PHI,RB,49,0,10,9.79237037243997,7.138,11.5788548624199,1.83843083089896,34,0.457805197481735,6,4.4408548624199,NA,30.1,3.3,3.66639892785505,NA,NA
2539964,Marquise Goodwin,SF,WR,29,6,4,9.67097605407222,8.70890465949821,10.3952877906977,0.750215389805328,47,0.160877365162541,6,1.68638313119947,NA,48.4,5.6,4.1274411204888,NA,NA
2507166,Ted Ginn,NO,WR,34,12,9,9.54078225893112,7.34200280112045,12.173721639832,2.29854962913206,48,0.062565261584922,6,4.83171883871159,NA,63.2,7.6,4.86160354328108,NA,NA
2560957,Mark Andrews,BAL,TE,23,1,8,9.49056463802849,6.90467139959432,11.278026552741,2.68232386531428,11,0.44207838695327,3,4.37335515314669,NA,11.4,2.1,7.16509443090018,NA,NA
2533040,Mohamed Sanu,ATL,WR,30,7,9,9.47941511888824,7.68007623264359,10.8475696048632,1.44777561454982,49,0.134656800192147,6,3.16749337221963,NA,58.3,4.2,3.6135274245342,NA,NA
2550272,Albert Wilson,MIA,WR,27,5,5,9.47701887580415,7.49007741935484,11.7343546073144,1.96614058409489,50,0.273056724673872,6,4.2442771879596,NA,56.3,4.9,3.8704842725115,NA,NA
2556466,Peyton Barber,TB,RB,25,3,7,9.36868473085583,6.62106428571429,11.4838285714286,2.04620969431645,35,0.195326825122024,6,4.86276428571429,NA,39.6,2.6,3.18202495353825,NA,NA
2495469,Dion Lewis,TEN,RB,29,8,11,9.30044561906064,7.92614656084656,10.3910957149009,1.10659587925913,36,0.35882419553133,6,2.46494915405439,NA,46.5,3.8,4.01238033808133,NA,NA
2543466,Eric Ebron,IND,TE,26,5,6,9.23460157634835,5.57155637091394,11.1820845752737,3.20175876527966,12,0.610892022917733,3,5.61052820435972,NA,14.2,3.4,8.50070074871763,NA,NA
2553913,Tyrell Williams,OAK,WR,NA,NA,6,9.21249776158804,7.39543584229391,10.7856337209302,1.39763657067328,51,0.025705568090087,6,3.39019787863633,NA,53.1,6.1,4.31098172618687,NA,NA
2552409,DeVante Parker,MIA,WR,26,4,5,9.19542654067251,7.18852100840336,10.8298527517455,1.7830371205951,52,0.053245795396968,6,3.64133174334217,NA,61.7,6.1,4.31098172618687,NA,NA
2560907,Marquez Valdes-Scantling,GB,WR,25,1,11,9.17815784632339,7.8308394265233,10.3861471833657,1.11851187216356,53,0.139667270693987,7,2.55530775684237,NA,48.3,3.2,3.24644621313806,NA,NA
2556460,Geronimo Allison,GB,WR,25,3,11,9.1062036442277,7.44905133580314,9.80357213880942,0.966270178149312,54,0.184174994537081,7,2.35452080300628,NA,45.7,5.1,3.94390051479073,NA,NA
2560756,Justin Jackson,LAC,RB,24,1,12,9.04627019240698,6.931,10.4590800428571,1.56186235064263,37,0.373614487642591,6,3.52808004285714,NA,37.8,2.9,3.38961379967402,NA,NA
2552415,Jamison Crowder,NYJ,WR,26,4,4,8.97077750703112,4.62236922872694,10.83335775,2.34591497927416,55,0.174590568804117,7,6.21098852127306,NA,50.1,5,3.90719239365111,NA,NA
2543491,Paul Richardson,WAS,WR,27,5,10,8.87327979235012,8.11,9.41901914893617,0.533228553695237,56,0.252499837377448,7,1.30901914893617,NA,78.8,8.9,5.33880911809607,NA,NA
2540160,Jordan Reed,WAS,TE,29,6,10,8.86237092580208,3.54538907849829,11.1767651354832,3.11124362674146,13,0.634326260139742,3,7.63137605698488,NA,20.6,4.3,8.59500129128266,NA,NA
2562734,Devin Singletary,BUF,RB,49,0,6,8.83697265465164,5.231,10.0872956241876,1.81233558089851,38,0.356431038713572,6,4.85629562418764,NA,39.4,5.4,5.11952085080544,NA,NA
2560810,Anthony Miller,CHI,WR,25,1,6,8.71909408410388,5.45030112836851,10.29351781893,1.89510981810789,57,0.237969994767745,7,4.84321669056153,NA,47.7,4.7,3.79706803023227,NA,NA
2550256,Willie Snead,BAL,WR,27,5,8,8.52246582584147,7.37,9.44246882426802,1.06734218362193,58,0.118084558601396,7,2.07246882426802,NA,76.6,7.1,4.67806293758301,NA,NA
2556885,Jalen Richard,OAK,RB,26,3,6,8.50833875487714,6.9164424750147,9.486489,1.20653907212542,39,0.1893042572129,7,2.5700465249853,NA,62.9,6.3,5.74228738921276,NA,NA
2560835,Rashaad Penny,SEA,RB,23,1,11,8.452744476999,5.12647142857143,10.8414240771961,2.48476754876543,40,0.456532206268768,7,5.71495264862467,NA,34.5,4.3,4.35836174830762,NA,NA
2557863,Zay Jones,BUF,WR,24,2,6,8.43978235283079,6.669,9.55841910560974,1.32333378612676,59,0.202872730109894,7,2.88941910560974,NA,61.7,9.1,5.41222536037529,NA,NA
2555415,Austin Hooper,ATL,TE,NA,3,9,8.38504818105915,6.40111223799865,9.40593571247465,1.16482403580512,14,0.328017242170288,4,3.004823474476,NA,12.7,2.1,4.36574092469719,NA,NA
2561002,DaeSean Hamilton,DEN,WR,24,1,10,8.36898018164935,5.33389403219671,9.99194526031199,2.00495606985289,60,0.306344153274964,7,4.65805122811528,NA,65.8,6.7,4.53123045302455,NA,NA
2541161,Latavius Murray,NO,RB,29,6,9,8.18532451832947,5.826,9.72368894817927,1.75232399740078,41,0.430992724359921,7,3.89768894817927,NA,30.4,3.2,3.59720264580979,NA,NA
2550617,Taylor Gabriel,CHI,WR,28,5,6,8.10483906379244,6.72792426131743,9.05812978723404,1.11097333235893,61,0.089134253514294,7,2.33020552591661,NA,68.7,4.9,3.8704842725115,NA,NA
2552408,Darren Waller,OAK,TE,27,4,6,8.07104115026554,4.779,10.4936162586706,2.59492422094107,15,0.040941029716645,4,5.7146162586706,NA,18.5,4.4,7.67157011136215,NA,NA
2495700,Greg Olsen,CAR,TE,34,12,7,8.04302072751218,6.40133468559838,9.74636213370161,1.51364192265109,16,0.096051704084072,4,3.34502744810323,NA,13.7,2.2,5.03824080613297,NA,NA
2649,Danny Amendola,DET,WR,34,11,5,8.02043299295634,6.81570238848227,9.35916220930233,1.19781052779387,62,0.027144994850032,7,2.54345982082005,NA,79.3,6.9,4.60464669530378,NA,NA
2495438,Kyle Rudolph,MIN,TE,30,8,12,8.01717951358561,6.10155713319811,9.5944769974645,1.43631609652728,17,0.175455462003953,4,3.4929198642664,NA,16.7,2.4,4.95365789002752,NA,NA
2553895,Adam Humphries,TEN,WR,NA,NA,11,8.01097662759996,6.46,10.2659930091185,1.87882617043009,63,0.085085789567554,7,3.80599300911854,NA,62.8,3.9,3.50340306111536,NA,NA
2560847,Trey Quinn,WAS,WR,24,1,10,7.97559936861265,6.25707818930041,9.48711139232161,1.44974004358572,64,0.114990799939136,7,3.2300332030212,NA,73.4,9.4,5.52234972379414,NA,NA
2561046,Will Dissly,SEA,TE,NA,1,11,7.8767585332706,6.596,9.28322643267249,1.57151016779612,18,0.075965889530864,4,2.68722643267249,NA,26.2,4.6,5.84172479457117,NA,NA
2535698,Cole Beasley,BUF,WR,30,7,6,7.87618230745216,6.16141505376344,8.84171094224924,1.20740592172694,65,0.033517910951312,8,2.6802958884858,NA,73.6,8.1,5.04514414897915,NA,NA
2543828,Quincy Enunwa,NYJ,WR,27,5,4,7.84503482989486,6.77246034155598,8.7079825,0.878571794727284,66,0.037011710165225,8,1.93552215844402,NA,68.6,4.7,3.79706803023227,NA,NA
2552600,Nelson Agholor,PHI,WR,26,4,10,7.84029396310683,5.32,10.3155697674419,2.10205607994774,67,0.133278649141736,8,4.99556976744186,NA,78.9,6.6,4.49452233188494,NA,NA
2560742,Nyheim Hines,IND,RB,23,1,6,7.80710002313101,6.57730676072898,9.1974982300067,1.52322478511066,42,0.214909090864744,7,2.62019146927772,NA,50.9,4.1,4.2199691842171,NA,NA
2540232,Jack Doyle,IND,TE,29,6,6,7.80668956989272,5.53468347338936,8.73620561052083,1.18017180963283,19,0.09081242274905,4,3.20152213713147,NA,18.9,3.1,4.68435885375815,NA,NA
497236,Jimmy Graham,GB,TE,33,9,11,7.79489571758675,6.60244692359703,8.442135,0.775534151117776,20,0.437042565961948,4,1.83968807640298,NA,16.6,2.3,3.70567347530408,NA,NA
2552458,Devin Funchess,IND,WR,25,4,6,7.77575227635245,6.50165089605735,9.03288963315412,1.21040355117335,68,0.15518589523046,8,2.53123873709677,NA,63.7,6,4.27427360504725,NA,NA
2560733,Royce Freeman,DEN,RB,23,1,10,7.70156356480808,7.30277339346111,8.01974498447205,0.465585078368127,43,0.300047404626899,7,0.716971591010944,NA,34.5,2.5,3.11282867149299,NA,NA
2562685,DK Metcalf,SEA,WR,49,0,11,7.63827835157775,4.63029032258065,8.7382685,1.66588653976056,69,0.181885849296092,8,4.10797817741935,NA,66,8.1,5.04514414897915,NA,NA
2540148,Tyler Eifert,CIN,TE,29,6,9,7.6368585767006,6.20313035204567,8.46290136269265,0.888622796155612,21,0.850049620451452,4,2.25977101064698,NA,21.5,3.7,4.32071764784444,NA,NA
2558010,John Ross,CIN,WR,NA,2,9,7.60285441066622,5.47,9.12789952310924,1.73050029363949,70,0.335830821975811,8,3.65789952310924,NA,72.7,7.7,4.8983116644207,NA,NA
2540011,Chris Thompson,WAS,RB,29,6,10,7.48281829972444,5.32454453213078,8.57601744186046,1.32422591334789,44,0.202656829596742,7,3.25147290972969,NA,53.2,3.9,4.08157662012659,NA,NA
100016,Chiefs,KC,DST,NA,NA,12,7.443144,6.02512,10.1500930232558,1.9961885527932,10,0.460039459260861,3,4.12497302325581,NA,NA,NA,6.35701957719412,NA,NA
79607,LeSean McCoy,KC,RB,31,10,12,7.32021402063793,4.91923571428571,10.086259336553,2.3401428309472,45,0.100934245287556,7,5.16702362226727,NA,40,3.6,3.87398777399082,NA,NA
100022,Saints,NO,DST,NA,NA,9,7.31727428571429,6.74,8.07563217391304,0.678028919798437,11,0.685182887832289,4,1.33563217391304,NA,NA,NA,3.23747304891009,NA,NA
2552597,Breshad Perriman,TB,WR,26,4,7,7.30993059389709,6.53984444444444,8.32966426775399,0.78982148839943,71,0.088522865917964,8,1.78981982330955,NA,84.5,8.1,5.04514414897915,NA,NA
2560967,Kalen Ballage,MIA,RB,NA,1,5,7.24010891961747,6.14902606310014,8.19844571360051,0.871014907117106,46,0.160800181982547,8,2.04941965050037,NA,45.6,3.1,3.52800636376453,NA,NA
2560878,Tre'Quan Smith,NO,WR,NA,1,9,7.22411658348374,4.738,8.8240425,1.85151363018795,72,0.09497810162256,8,4.0860425,NA,57.8,8.5,5.19197663353761,NA,NA
2562631,Miles Boykin,BAL,WR,49,0,8,7.2186988724745,6.29033347455063,8.29934433608402,1.18806955261782,73,0.182099628815586,8,2.00901086153339,NA,70.2,9,5.37551723923568,NA,NA
2506404,Frank Gore,BUF,RB,36,14,6,7.19845063108327,6.67,7.72569833019224,0.531121656797505,47,0.345241657124552,8,1.05569833019224,NA,46.4,4.2,4.28916546626236,NA,NA
2505629,Jason Witten,DAL,TE,37,16,8,7.078847726549,5.8740861844262,7.80626901858431,1.05658427045897,22,0.731949283457971,5,1.93218283415811,NA,27.2,3.6,4.60152799975124,NA,NA
2495448,Randall Cobb,DAL,WR,29,8,8,7.03957809124786,5.41736559139785,7.8888802431611,1.00734026554668,74,0.196800043438397,8,2.47151465176325,NA,77.7,6.4,4.42110608960571,NA,NA
2555468,Rashard Higgins,CLE,WR,25,3,7,7.03362039606997,4.75185695009186,9.02455,1.89504682372352,75,0.38936996731712,8,4.27269304990813,NA,69.3,7.8,4.93501978556031,NA,NA
2540269,C.J. Anderson,DET,RB,28,6,5,6.96016684418658,4.52647142857143,8.1082001877269,1.47993327911036,48,0.228050585091347,8,3.58172875915547,NA,47.5,4.9,4.77353944057916,NA,NA
2540156,Giovani Bernard,CIN,RB,28,6,9,6.74625110373085,5.81,7.24291544899257,0.592632156030157,49,0.057968346976956,8,1.43291544899257,NA,55.7,4.4,4.42755803035287,NA,NA
2562574,Darrell Henderson,LAR,RB,49,0,9,6.71798141445963,3.77676381059752,8.69139534883721,2.29556019387794,50,0.064791267683161,8,4.91463153823969,NA,47.2,4.5,4.49675431239813,NA,NA
2559924,Ito Smith,ATL,RB,24,1,9,6.65858409904816,5.50517857142857,7.391215,0.869690037045883,51,0.091919550281259,8,1.88603642857143,NA,56.1,4.4,4.42755803035287,NA,NA
2552652,Chris Conley,JAC,WR,27,4,10,6.65193569954896,5.19424076500143,8.06940286237863,1.38518347292205,76,0.079531031413518,8,2.8751620973772,NA,85.8,8.2,5.08185227011877,NA,NA
100031,Buccaneers,TB,DST,NA,NA,7,6.64893479576399,5.22,7.67370052325581,1.32622564594945,12,0.036924804841149,4,2.45370052325581,NA,NA,NA,4.77149047448961,NA,NA
2560862,Jaylen Samuels,PIT,RB,23,1,7,6.64779619450478,5.21218571428571,7.85715697674419,1.24601464598287,52,0.256129678738215,8,2.64497126245847,NA,54.2,4.2,4.28916546626236,NA,NA
2543590,Cody Latimer,NYG,WR,27,5,11,6.63656515795674,4.43321008894199,7.99720893521797,1.33259278237665,77,0.132532452373656,8,3.56399884627598,NA,97,9,5.37551723923568,NA,NA
100017,Rams,LAR,DST,NA,NA,9,6.615248,5.93052,7.03076744186046,0.493439301655166,13,0.026252402420576,5,1.10024744186047,NA,NA,NA,2.80062466725554,NA,NA
100019,Dolphins,MIA,DST,NA,NA,5,6.60877198184569,6.121,7.07882035474006,0.523481330991504,14,0.05953551804625,5,0.95782035474006,NA,NA,NA,2.8717219046257,NA,NA
100024,Jets,NYJ,DST,NA,NA,4,6.56921921331316,5.395,11.2877388953488,3.10247505186376,15,0.175569088394208,5,5.89273889534884,NA,NA,NA,8.97514876358287,NA,NA
100003,Bills,BUF,DST,NA,NA,6,6.52925371428571,4.805,7.66998255813953,1.39812794023238,16,0.334405075859089,5,2.86498255813953,NA,NA,NA,4.94165389543763,NA,NA
2560920,James Washington,PIT,WR,23,1,7,6.50824417831413,3.82094336917563,9.5618511627907,2.53669488248725,78,0.090886250060156,8,5.74090779361507,NA,55.2,7.1,4.67806293758301,NA,NA
2561018,D.J. Chark,JAC,WR,23,1,10,6.49982123285204,4.70251566407527,7.74856419625628,1.20699605032134,79,0.173407595202682,9,3.04604853218102,NA,85.5,12.2,6.55017711570333,NA,NA
2562378,T.J. Hockenson,DET,TE,49,0,5,6.49477018594929,4.91740827218145,7.56956994158529,1.25948394920925,23,0.334731517766603,5,2.65216166940384,NA,18.8,3.4,4.91775878678334,NA,NA
2562699,Tony Pollard,DAL,RB,NA,0,8,6.48553290302902,2.863,8.33108720930232,2.45173722490351,53,0.316013565737549,8,5.46808720930233,NA,39.8,12.3,9.89406431192818,NA,NA
2541966,Jaron Brown,SEA,WR,29,6,11,6.33489462365591,2.502,8.19566860465116,2.6685039912521,80,0.096243659034085,9,5.69366860465116,NA,89.6,19,9.0463293531971,NA,NA
2562379,Marquise Brown,BAL,WR,49,0,8,6.31793265164281,3.14482724014337,8.13699925806452,2.14100886419105,81,0.287813374180334,9,4.99217201792115,NA,80.3,8,5.00843602783954,NA,NA
2560770,Ronald Jones,TB,RB,22,1,7,6.2978001285041,3.492,8.26228719387755,2.08411297914323,54,0.467677144704608,8,4.77028719387755,NA,49.1,4.4,4.42755803035287,NA,NA
100032,Redskins,WAS,DST,NA,NA,10,6.25804653555219,5.245,7.02579579069767,0.934039627365463,17,0.164567736330236,5,1.78079579069767,NA,NA,NA,3.84334603576511,NA,NA
2562383,Noah Fant,DEN,TE,49,0,10,6.19902670023276,4.49001765692005,7.63802386767466,1.53617055178653,24,0.083131053325707,5,3.14800621075461,NA,21.9,2.8,5.25398309204616,NA,NA
2540202,Kenny Stills,HOU,WR,27,6,10,6.15936927760085,3.76033358031385,8.105965,2.08090909069682,82,0.277027347821246,9,4.34563141968615,NA,62.1,11,6.10967966202796,NA,NA
100029,49ers,SF,DST,NA,NA,4,6.13165074130106,3.515,7.49463031395349,1.87618707044374,18,0.103546741301058,5,3.97963031395349,NA,NA,NA,6.07302498482316,NA,NA
2558144,Adam Shaheen,CHI,TE,25,2,6,6.12105063613263,4.25125214081827,7.97007570070265,1.58990345540614,25,0.100822488953953,5,3.71882355988439,NA,35.2,7.3,6.65948046947778,NA,NA
2553454,Geoff Swaim,JAC,TE,NA,NA,10,6.11074065768147,4.964,7.08829794326555,0.975842652796231,26,0.199526663939033,6,2.12429794326555,NA,31,4.9,4.82998016420946,NA,NA
100020,Vikings,MIN,DST,NA,NA,12,6.05530685714286,4.29,8.7132341588785,2.07048587988842,19,0.069328191917008,5,4.4232341588785,NA,NA,NA,6.53285106451868,NA,NA
2552471,T.J. Yeldon,BUF,RB,26,4,6,6.04123854607884,3.48411428571429,7.5572763422732,1.65897999053613,55,0.429257281459708,8,4.07316205655892,NA,67.5,3.9,4.08157662012659,NA,NA
100021,Patriots,NE,DST,NA,NA,10,6.00090114285714,5.785,9.9065886627907,2.14170603433568,20,0.047606392478929,5,4.1215886627907,NA,NA,NA,6.70140013853716,NA,NA
100001,Falcons,ATL,DST,NA,NA,9,5.97105618759455,5.32,6.2559461242236,0.44346943486559,21,0.038442959585043,6,0.935946124223602,NA,NA,NA,2.6823663618422,NA,NA
100023,Giants,NYG,DST,NA,NA,11,5.93553331316188,5.37,6.51244834042553,0.651909801587714,22,0.009263473957208,6,1.14244834042553,NA,NA,NA,3.17565974307324,NA,NA
2560995,Dallas Goedert,PHI,TE,25,1,10,5.92971563667587,4.40219124643197,7.63990333158896,1.70354692296761,27,0.15846166801555,6,3.23771208515699,NA,22.1,2.9,5.59177523040986,NA,NA
100014,Colts,IND,DST,NA,NA,6,5.92969314285714,5.25474,8.1733623853211,2.11191885356941,23,0.037988089907068,6,2.9186223853211,NA,NA,NA,6.63090602384814,NA,NA
100011,Packers,GB,DST,NA,NA,11,5.92284653555219,4.16,6.77905348837209,1.25351939000892,24,0.074066157337367,6,2.61905348837209,NA,NA,NA,4.59942440401792,NA,NA
2561029,Keke Coutee,HOU,WR,22,1,10,5.90086927732409,0,8.16982026031199,3.25751856314417,83,0.084692351365447,9,8.16982026031199,NA,59.6,10,5.74259845063182,NA,NA
2495826,Vernon Davis,WAS,TE,35,13,10,5.89271235080901,4.56568067226891,6.95526210313913,1.143194648841,28,0.398850353673152,6,2.38958143087022,NA,32.9,7.7,5.95155265321124,NA,NA
2552424,Phillip Dorsett,NE,WR,26,4,10,5.86381458223512,3.878,7.884615859319,1.69957375194148,84,0.130855737489837,9,4.006615859319,NA,80.4,8.9,5.33880911809607,NA,NA
100026,Cardinals,ARI,DST,NA,NA,12,5.86056357034796,4.32,6.70895204651163,1.17251818117642,25,0.13471497730711,6,2.38895204651163,NA,NA,NA,4.40772756133267,NA,NA
100006,Bengals,CIN,DST,NA,NA,9,5.83699718608169,5.405,6.29220699378882,0.501291141014255,26,0.264581757510266,6,0.887206993788821,NA,NA,NA,2.81920677036368,NA,NA
2543475,Marqise Lee,JAC,WR,28,5,10,5.76853926968217,3.35166666666667,8.06613081395349,3.07563669693718,85,0.086422395222415,9,4.71446414728682,NA,87.5,9.2,5.44893348151491,NA,NA
2532790,Travis Benjamin,LAC,WR,30,7,12,5.6973784198084,3.79150618982118,6.82991447090084,1.45872006963345,86,0.041120737169655,9,3.03840828107966,NA,91.3,6,4.27427360504725,NA,NA
2562721,Deebo Samuel,SF,WR,49,0,4,5.66685532911112,3.27596559139785,7.75869661015569,2.03088899452876,87,0.026180826663943,9,4.48273101875784,NA,63.3,9.9,5.70589032949221,NA,NA
2553667,Matt LaCosse,NE,TE,NA,NA,10,5.64979558651164,3.68324584829174,7.49585427310924,1.71344818225143,29,0.392835056921338,6,3.8126084248175,NA,34.2,7.9,7.06156858674336,NA,NA
2562677,KeeSean Johnson,ARI,WR,49,0,12,5.64566003616637,3.2,7.37492875989446,2.5378508984336,88,0.148189026007162,9,4.17492875989446,NA,88,11.2,6.18309590430719,NA,NA
2560729,Robert Foster,BUF,WR,NA,1,6,5.63568896872798,2.70117921146953,6.66321211180124,1.566441971842,89,0.278896252081921,9,3.96203290033171,NA,75.4,9.7,5.63247408721298,NA,NA
2558204,Jamaal Williams,GB,RB,NA,2,11,5.61900742152014,1.60364145658263,7.16188947308343,2.21750851127424,56,0.053476872448472,8,5.55824801650079,NA,60.4,3.9,4.08157662012659,NA,NA
100012,Titans,TEN,DST,NA,NA,11,5.6147,4.79,6.14023255813953,0.684405220409146,27,0.094391142857143,6,1.35023255813953,NA,NA,NA,3.25256315327647,NA,NA
2552429,Ty Montgomery,NYJ,RB,26,4,4,5.60495510771812,3.698,6.66309676150707,1.17561415270959,57,0.122943075002309,9,2.96509676150707,NA,55.7,7.5,6.57264277375584,NA,NA
100004,Panthers,CAR,DST,NA,NA,7,5.53013085714286,4.265,6.21902325581395,0.828873147225716,28,0.029859714285715,6,1.95402325581395,NA,NA,NA,3.59445984641455,NA,NA
2562407,Justice Hill,BAL,RB,49,0,8,5.52610599042522,3.86,6.85075846968439,1.43125578653384,58,0.208845171976766,9,2.99075846968439,NA,50.4,4.8,4.7043431585339,NA,NA
100015,Jaguars,JAC,DST,NA,NA,10,5.51048685714286,4.63,6.08925913043478,0.612960423251911,29,0.228183984006916,6,1.45925913043478,NA,NA,NA,3.08348244153486,NA,NA
100013,Texans,HOU,DST,NA,NA,10,5.49005542857143,4.72474,6.21295107033639,0.733621888704107,30,0.459132555435488,6,1.48821107033639,NA,NA,NA,3.36903894488028,NA,NA
2553439,Mike Davis,CHI,RB,26,4,6,5.4379180750064,3.81328996668626,6.15639717017452,0.991194182934403,59,0.293736387960072,9,2.34310720348825,NA,57.5,4.2,4.28916546626236,NA,NA
497328,Demaryius Thomas,NE,WR,32,9,10,5.35925305159042,3.425,7.203575,1.96693851809182,90,0.043132796066236,9,3.778575,NA,100.6,15.6,7.79825323445022,NA,NA
2558914,Kendrick Bourne,SF,WR,24,2,4,5.3543323817017,3.845,6.40033493933116,1.11243898582694,91,0.137905975539968,10,2.55533493933116,NA,108.4,8.8,5.30210099695645,NA,NA
2550656,Cameron Brate,TB,TE,28,5,7,5.33792840776007,3.64046291513751,6.78834228558626,1.33219494374942,30,0.221096900035534,6,3.14787937044875,NA,28.8,2,4.64546185044675,NA,NA
2532978,Jarius Wright,CAR,WR,30,7,7,5.27790812934668,3.08836134453782,6.66429787234043,1.49731431984705,92,0.129721150688228,10,3.57593652780261,NA,117.9,12.4,6.62359335798256,NA,NA
2543743,Carlos Hyde,HOU,RB,28,5,10,5.19660356189051,2.86327857142857,6.45332181964286,1.4876964045051,60,0.27613105751372,9,3.59004324821429,NA,52,5.4,5.11952085080544,NA,NA
2557889,Gerald Everett,LAR,TE,25,2,9,5.17599265142053,4.01907802093245,6.16296815966387,1.39388705289709,31,0.119791875036653,6,2.14389013873142,NA,24.6,2.8,4.99151069913669,NA,NA
2558194,Josh Reynolds,LAR,WR,24,2,9,5.15494468297678,3.563,6.36832318602151,1.31979405925725,93,0.087322963544646,10,2.80532318602151,NA,92.9,7.3,4.75147917986224,NA,NA
2562238,A.J. Brown,TEN,WR,NA,0,11,5.14142927434011,1.831,6.79515082829974,2.06040450574911,94,0.168037411831727,10,4.96415082829974,NA,87.7,6.2,4.34768984732648,NA,NA
2561461,Dontrell Hilliard,CLE,RB,49,1,7,5.09175981220214,2.983,6.99584500732432,1.62793373398022,61,0.374460889219776,9,4.01284500732432,NA,80.4,11,8.99451264533984,NA,NA
100018,Raiders,OAK,DST,NA,NA,6,5.07455031770045,3.98,5.56982441860465,0.756854169887178,31,0.087254889129024,7,1.58982441860465,NA,NA,NA,3.42402028423757,NA,NA
2552559,C.J. Uzomah,CIN,TE,26,4,9,5.05767036402855,2.10156517602284,7.03634542091914,2.27339031535841,32,0.087132255179622,6,4.93478024489631,NA,33.6,3.5,6.81715683998026,NA,NA
2560994,Mike Gesicki,MIA,TE,24,1,5,5.0547311887392,2.82156517602284,6.48354344817927,1.42895115821156,33,0.255034020500199,6,3.66197827215644,NA,27.4,2.6,4.99813281813019,NA,NA
2561482,Chad Beebe,MIN,WR,49,1,12,4.99381416452416,3.625,6.19562912176724,1.40506804166522,95,0.044556820501581,10,2.57062912176724,NA,108.4,8.7,5.26539287581684,NA,NA
100027,Steelers,PIT,DST,NA,NA,7,4.98729542857143,4.315,5.55840697674419,0.543990555737549,32,NA,7,1.24340697674419,NA,NA,NA,2.92025887939935,NA,NA
71269,Michael Crabtree,ARI,WR,32,10,12,4.95296956049261,2.41,6.95729302325581,1.83610664622785,96,0.100713418863486,10,4.54729302325581,NA,98,14.3,7.32104765963523,NA,NA
2556190,Jakeem Grant,MIA,WR,27,3,5,4.94554512755254,2.92777549404469,5.972306,1.29559943980661,97,0.232554032091814,10,3.04453050595531,NA,108.8,7.4,4.78818730100185,NA,NA
2559193,Blake Jarwin,DAL,TE,25,2,8,4.88634502895865,3.201,6.152893,1.5252346604855,34,0.311603408558051,6,2.951893,NA,40.4,4,5.58217630493501,NA,NA
2558985,Tim Patrick,DEN,WR,26,2,10,4.75896715570571,3.14811827956989,5.6617,1.04804036515681,98,0.132266930607832,10,2.51358172043011,NA,107.5,7.7,4.8983116644207,NA,NA
2562682,Alexander Mattison,MIN,RB,NA,0,12,4.74918519655144,3.18415714285714,6.27180295265781,1.77798644558545,62,0.250018234752673,9,3.08764580980066,NA,62.5,6.5,5.88067995330327,NA,NA
2495139,Charles Clay,ARI,TE,30,8,12,4.71304930751936,3.55306596625329,5.9222791091674,1.12165804352072,35,0.403976500278062,7,2.3692131429141,NA,35.3,5.1,5.15702902269519,NA,NA
2539265,Rex Burkhead,NE,RB,29,6,10,4.68541264941329,1.69120168067227,6.18710638297872,1.85924552654501,63,0.400487580590473,9,4.49590470230646,NA,61,5.8,5.39630597898647,NA,NA
2562580,Mecole Hardman,KC,WR,49,0,12,4.66701503521575,1.83509499713864,6.35113953488372,1.88762367250705,99,0.129970856893018,10,4.51604453774508,NA,78.6,9.3,5.48564160265452,NA,NA
2562489,Terry McLaurin,WAS,WR,49,0,10,4.58638541498001,0.019095147478592,7.39326170212766,3.24456015843488,100,0.131829500050326,10,7.37416655464907,NA,81.6,9.8,5.66918220835259,NA,NA
2562712,Hunter Renfrow,OAK,WR,49,0,6,4.48770294166544,1.706,5.80984751712655,1.83862767470284,101,0.1341492028891,10,4.10384751712655,NA,99.6,7,4.6413548164434,NA,NA
2552399,Jeff Heuerman,DEN,TE,27,4,10,4.43643393328184,3.069,6.11970432617365,1.68412975527803,36,0.268162696270615,7,3.05070432617365,NA,43.7,4.6,6.04947574844547,NA,NA
2540145,Cordarrelle Patterson,CHI,WR,28,6,6,4.42140888819393,3.28465340909091,4.98066525,0.80186115866787,102,0.176028481111265,11,1.69601184090909,NA,93.3,9.3,5.48564160265452,NA,NA
2561324,Gus Edwards,BAL,RB,24,1,8,4.31292127418425,2.15219583635924,5.57013997159796,1.293993631883,64,0.137781967533127,10,3.41794413523872,NA,63,4.8,4.7043431585339,NA,NA
2550597,Seth Roberts,BAL,WR,NA,NA,8,4.28569858935875,2.589,5.83214491979388,1.94875080649758,103,0.111974643121073,11,3.24314491979388,NA,108.7,27.6,12.2032277712039,NA,NA
2562622,Ryquell Armstead,JAC,RB,NA,0,10,4.25692886346139,0.842114285714286,6.98625928127773,2.38480237513436,65,0.191671641048795,10,6.14414499556344,NA,69.7,5.1,4.91193200466967,NA,NA
2559153,Keelan Cole,JAC,WR,26,2,10,4.20506222480658,2.515,5.50253136251189,1.62726542709801,104,0.076995412667808,11,2.98753136251189,NA,93.5,4.6,3.76035990909266,NA,NA
2558207,Jonnu Smith,TEN,TE,24,2,11,4.18171168120076,2.53536134453782,5.68099747728245,1.82127341140967,37,0.06895356185113,7,3.14563613274463,NA,42.1,5.2,6.47665000386942,NA,NA
2560747,Hayden Hurst,BAL,TE,26,1,8,4.15483079282169,3,5.57758037392959,1.28009429412043,38,0.10854731288757,7,2.57758037392959,NA,31.2,3.6,5.01384011751313,NA,NA
2555343,Josh Doctson,MIN,WR,NA,3,12,4.14238566766878,2.514,5.24784636251189,1.35232201436789,105,0.032753471320142,11,2.73384636251189,NA,105.1,11.8,6.40334463114488,NA,NA
2557960,Ryan Switzer,PIT,WR,25,2,7,4.11374795660878,0.716412156950269,6.52692553191489,2.56406015122672,106,0.078101824780024,11,5.81051337496462,NA,114.1,9.1,5.41222536037529,NA,NA
2530515,Chris Hogan,CAR,WR,31,8,7,4.10551643608849,3.00455594108611,4.86831131970493,0.937048773988811,107,0.152435820005115,11,1.86375537861881,NA,98.5,7.3,4.75147917986224,NA,NA
2506467,Darren Sproles,PHI,RB,36,14,10,4.09334974984085,3.45,4.72653351606305,0.693020709254155,66,0.064884061508051,10,1.27653351606305,NA,77.2,4.4,4.42755803035287,NA,NA
2560951,Jordan Akins,HOU,TE,27,1,10,4.07068544587757,2.372,5.47119403044719,1.59689371024464,39,0.118505086608661,7,3.09919403044719,NA,36.9,6.7,6.4981920884315,NA,NA
2562281,Damien Harris,NE,RB,49,0,10,4.03716469498435,0.912044817927171,6.28348587714155,2.47975159644866,67,0.168503132404883,10,5.37144105921438,NA,64,5.5,5.1887171328507,NA,NA
2560894,Ian Thomas,CAR,TE,23,1,7,4.02188151399066,2.1009391056137,5.62339315767929,1.59438036827051,40,0.182861633048799,7,3.52245405206559,NA,34,2.8,5.36136356794551,NA,NA
2507164,Adrian Peterson,WAS,RB,34,12,10,4.01976668168123,2.45604285714286,5.25787149791932,1.19861757453705,68,0.38677421189412,10,2.80182864077646,NA,43.9,4.6,4.56595059444339,NA,NA
2555209,Chris Moore,BAL,WR,26,3,8,3.96577582756902,2.907,4.50660667079845,0.743228244684742,108,0.045332283462441,11,1.59960667079845,NA,116.1,12.9,6.80713396368063,NA,NA
2543759,Ryan Grant,OAK,WR,29,5,6,3.94038540459774,1.227,6.18444,2.84891239386903,109,0.090173010243491,11,4.95744,NA,106.6,8.5,5.19197663353761,NA,NA
2556396,Chester Rogers,IND,WR,25,3,6,3.90050168361541,2.00388673835125,5.61192770554514,1.70910192276198,110,0.11839868814139,11,3.60804096719389,NA,113.6,15.8,7.87166947672945,NA,NA
2541316,Ryan Griffin,NYJ,TE,29,6,4,3.88247920454715,0.945,5.0559488601664,1.52871530494901,41,0.095383883338748,7,4.1109488601664,NA,42.3,9.4,7.15624773084996,NA,NA
2557870,Taywan Taylor,CLE,WR,NA,2,7,3.79992310509307,2.57962007168459,4.823575,1.17149395286616,111,0.0764382211952,11,2.24395492831541,NA,100.6,9.9,5.70589032949221,NA,NA
2552633,Jesse James,DET,TE,25,4,5,3.79556055733658,2.2818782112274,5.3123185699334,1.66962717594132,42,0.048194313124824,7,3.03044035870599,NA,41.6,4.6,6.02272263419416,NA,NA
2555289,Nick Vannett,SEA,TE,NA,3,11,3.77863008508023,1.60219124643197,4.72778140083695,1.22669854582039,43,0.204738270154702,7,3.12559015440498,NA,32.3,3.9,5.00243192337833,NA,NA
2552656,J.J. Nelson,OAK,WR,27,4,6,3.76428288585498,0.548005708848715,5.3266965076118,1.9751363717357,112,0.095764711170271,11,4.77869079876308,NA,120.7,15.3,7.68812887103137,NA,NA
2555223,Devontae Booker,DEN,RB,27,3,10,3.71755644347771,2.07024345540685,5.09783140511437,1.31321318366644,69,0.177038657720109,10,3.02758794970751,NA,75.1,3.1,3.52800636376453,NA,NA
2555364,Tyler Higbee,LAR,TE,26,3,9,3.71610240334327,2.35884033613445,4.22236228777885,0.75454006393243,44,0.290633027382481,8,1.86352195164439,NA,42.7,3,3.87015935501255,NA,NA
2556519,Alex Erickson,CIN,WR,27,3,9,3.68268688194077,2.391,4.75581304044204,1.08777287102633,113,0.08080919592043,11,2.36481304044204,NA,113.9,9.6,5.59576596607337,NA,NA
2555478,Demarcus Robinson,KC,WR,NA,3,12,3.65434946742864,1.236,5.33620500356803,1.83113648120108,114,0.119120253461386,11,4.10020500356803,NA,109.4,11.4,6.25651214658642,NA,NA
2555317,Tajae Sharpe,TEN,WR,25,3,11,3.54940590461204,2.302,4.67485106382979,1.06494552372705,115,0.099753279842685,11,2.37285106382979,NA,116,5.7,4.16414924162841,NA,NA
2559150,Corey Clement,PHI,RB,NA,2,10,3.54842849609652,1.91,4.65308172393685,1.18308617138155,70,0.03566112647899,10,2.74308172393685,NA,75.1,3.2,3.59720264580979,NA,NA
2540230,Kyle Juszczyk,SF,RB,28,6,4,3.53260707541868,0.921464285714286,4.66842322205551,1.59224435812011,71,0.070899581818598,10,3.74695893634123,NA,96.4,6.6,5.94987623534853,NA,NA
2561224,Keith Kirkwood,NO,WR,49,1,9,3.52105252332247,2.364,4.26429651162791,0.893448531138441,116,0.212668938756299,11,1.90029651162791,NA,103.4,6.4,4.42110608960571,NA,NA
2562832,Darwin Thompson,KC,RB,NA,0,12,3.49292766381638,1.21218571428571,5.45792441860465,2.22444207178652,72,0.08462258321453,10,4.24573870431894,NA,65.1,5.3,5.05032456876019,NA,NA
2562738,Irv Smith Jr.,MIN,TE,49,0,12,3.43168122650779,1.00344338725024,4.37064845800235,1.30638953971453,45,0.090710905625555,8,3.36720507075211,NA,38.5,4.6,5.35265300335588,NA,NA
2559362,Dare Ogunbowale,TB,RB,NA,2,7,3.43048732338379,1.74791188811189,5.22983275,2.3007596926572,73,0.063898521199382,10,3.48192086188811,NA,68.7,11.1,9.0637089273851,NA,NA
2553318,James OShaughnessy,JAC,TE,NA,NA,10,3.4192575254138,1.036,4.1891807652236,1.17081589329024,46,0.161374305355602,8,3.1531807652236,NA,58.6,7.2,5.85735311921369,NA,NA
2560711,Chase Edmonds,ARI,RB,23,1,12,3.38612283781991,2.7,4.02106443768997,0.595371687998389,74,0.19160012827413,10,1.32106443768997,NA,65.6,3.2,3.59720264580979,NA,NA
2553548,Jake Kumerow,GB,WR,NA,NA,11,3.37825272621624,1.96438249286394,4.5376855,1.24261516862139,117,0.148680116589518,11,2.57330300713606,NA,98.6,5.4,4.05402487820957,NA,NA
2552382,Malcolm Brown,LAR,RB,26,4,9,3.3470547665489,1.21218571428571,4.9130325,1.64151133441707,75,0.46577490273059,10,3.70084678571429,NA,61.6,3.2,3.59720264580979,NA,NA
2532835,Rhett Ellison,NYG,TE,31,7,11,3.26268311635067,1.648,3.93838946089843,0.920635987992336,47,0.195896019005095,8,2.29038946089843,NA,53.7,5.5,4.90232304841386,NA,NA
2562681,Dawson Knox,BUF,TE,49,0,6,3.25308332376572,1.88315912208505,3.93454800643662,0.950301104148828,48,0.404936934231281,8,2.05138888435157,NA,49.4,9.6,6.14729996719024,NA,NA
2562736,Darius Slayton,NYG,WR,NA,0,11,3.23851444291609,0,5.59926605504587,5.09116882454314,118,0.028796947260548,11,5.59926605504587,NA,122,11.9,6.44005275228449,NA,NA
2562495,Parris Campbell,IND,WR,49,0,6,3.22063077633736,1.60005137963844,4.77854565217391,1.76528646401245,119,0.022139705958009,11,3.17849427253547,NA,78.6,8.8,5.30210099695645,NA,NA
2550198,Bennie Fowler,NYG,WR,28,5,11,3.19880421497373,1.14,5.10389782608696,1.98729140999169,120,0.010099700316353,11,3.96389782608696,NA,99.6,13,6.84384208482025,NA,NA
2562669,Andy Isabella,ARI,WR,NA,0,12,3.19817792578497,2.323,3.63930475,0.734743372246105,121,0.0732517471929,12,1.31630475,NA,91.3,6.7,4.53123045302455,NA,NA
2562466,JJ Arcega-Whiteside,PHI,WR,NA,0,10,3.17923110352979,1.52493691756272,4.65237051983584,1.40231277830258,122,0.138934001730278,12,3.12743360227312,NA,91.9,7.6,4.86160354328108,NA,NA
2561272,Trent Sherfield,ARI,WR,49,1,12,3.07062125365434,0.506,4.6536585,2.14300712315423,123,0.077097408451915,12,4.1476585,NA,139,29.8,13.0108064362754,NA,NA
2557952,Wayne Gallman,NYG,RB,25,2,11,3.04199065254265,1.5671,4.12316751773026,1.23912057131023,76,0.386887106715717,10,2.55606751773026,NA,72.8,3,3.45881008171928,NA,NA
2550353,Allen Hurns,MIA,WR,28,5,5,3.00997294994469,1.08,4.0942005,1.42937534562434,124,0.117888140546453,12,3.0142005,NA,104.5,3.5,3.3565705765569,NA,NA
2562960,John Ursua,SEA,WR,NA,0,11,2.97707474046016,2.51,3.39987869520897,0.609097825233624,125,0.169979862123836,12,0.88987869520897,NA,92.5,24.5,11.0652760158759,NA,NA
2541187,Demetrius Harris,CLE,TE,28,6,7,2.88049087092543,0.674,4.10003103688624,1.52409247365042,49,0.13529538701141,8,3.42603103688624,NA,60.3,11.5,7.75736184052933,NA,NA
2541834,Josh Hill,NO,TE,29,6,9,2.81580190814345,0.932,3.57273547145576,1.09022743247036,50,0.234515755368077,8,2.64073547145576,NA,53.1,6.9,5.62159873824825,NA,NA
2539336,Tavon Austin,DAL,WR,28,6,8,2.80709487833632,1.886,3.14487659574468,0.520427868003897,126,0.03779607375351,12,1.25887659574468,NA,71.5,1.5,2.62240815376462,NA,NA
2539336,Tavon Austin,DAL,WR,28,6,8,2.80709487833632,1.886,3.14487659574468,0.520427868003897,126,0.128356858965522,12,1.25887659574468,NA,118.7,12.6,6.69700960026179,NA,NA
2562292,Gary Jennings,SEA,WR,NA,0,11,2.7315027308293,0.915338725023787,3.83912111801242,1.50741618291432,127,0.14004530141846,12,2.92378239298864,NA,113.7,10.8,6.03626341974874,NA,NA
2495328,Bilal Powell,NYJ,RB,31,8,4,2.72056907509398,0.839178571428571,4.10210013003251,1.47682298378279,77,0.132103412434889,11,3.26292155860394,NA,87.9,7.1,6.29585764557481,NA,NA
2495288,Virgil Green,LAC,TE,31,8,12,2.67458905968458,1.78668347338936,3.2401328549001,0.636893083844475,51,0.236050648172291,9,1.45344938151074,NA,59.8,5.2,4.29180677807485,NA,NA
2561671,Malik Turner,SEA,WR,49,1,11,2.6259733079123,0,5.28902354740061,3.83195545040017,128,0.083336812202239,12,5.28902354740061,NA,NA,NA,NA,NA,NA
2560933,Jordan Wilkins,IND,RB,25,1,6,2.58963801655989,1.58545714285714,3.20054083270818,0.707014974587715,78,0.018740154699459,11,1.61508368985103,NA,72.9,5.6,5.25791341489596,NA,NA
2562293,Ty Johnson,DET,RB,NA,0,5,2.58729330875829,0.76,3.81530755813954,1.41462825078155,79,0.052553656329589,11,3.05530755813954,NA,80.3,6.2,5.6730911071675,NA,NA
2562805,Preston Williams,MIA,WR,49,0,5,2.55694155090939,1.65263648834019,3.19048875,0.772440978260249,129,0.130628782965825,12,1.53785226165981,NA,99.2,8.2,5.08185227011877,NA,NA
2555464,DeAndre Washington,OAK,RB,26,3,6,2.55450241496257,1.601,3.35162877381623,0.826430401331957,80,0.238670025685634,11,1.75062877381623,NA,87.8,9.3,7.81817585057047,NA,NA
2530700,Dontrelle Inman,LAC,WR,30,6,12,2.52833144051073,0.913,3.37801298632942,1.13481774380773,130,0.216016362582483,12,2.46501298632942,NA,120.7,19.2,9.11974559547633,NA,NA
2563327,D'Ernest Johnson,CLE,RB,NA,0,7,2.51497688989482,1.89,3.15311491146319,0.853446816393953,81,0.422794412808208,11,1.26311491146319,NA,NA,NA,NA,NA,NA
2552468,Maxx Williams,ARI,TE,25,4,12,2.48798324586617,1.366,3.4186987525723,0.994606285568589,52,0.15510860018278,9,2.0526987525723,NA,54.4,3,4.31301292651869,NA,NA
2558832,Mo Alie-Cox,IND,TE,26,3,6,2.38909357715842,1.303,3.19547980328812,1.00022432392854,53,0.15202197260283,9,1.89247980328812,NA,56,4.2,4.67174340876123,NA,NA
2553502,DeAndre Carter,HOU,WR,26,4,10,2.32429409537639,1.16314008751224,3.05088716885716,0.788085618901917,131,0.047734591952327,13,1.88774708134492,NA,123.7,21.6,10.0007405028271,NA,NA
2541944,Russell Shepard,NYG,WR,29,6,11,2.3003360604801,0.71,3.93121398176292,1.98328415239075,132,0.047597298999225,13,3.22121398176292,NA,115.6,8.6,5.22868475467722,NA,NA
2558942,Anthony Firkser,TEN,TE,49,1,11,2.27665571420836,0.759,3.2686092849667,1.21038827112613,54,0.083362247502794,9,2.5096092849667,NA,70,4.5,5.14652753131599,NA,NA
2552418,Justin Hardy,ATL,WR,28,4,9,2.25278294636803,1.24,2.82333105590062,0.78028186638506,133,0.044293917359369,13,1.58333105590062,NA,129.4,5.1,3.94390051479073,NA,NA
2560987,Deon Cain,IND,WR,23,1,6,2.25269457659372,1.262,2.706878,0.809684677247708,134,0.142168882662991,13,1.444878,NA,106,7.2,4.71477105872263,NA,NA
2495234,Luke Stocker,ATL,TE,31,8,9,2.19748749490281,0.728,3.89120463512048,1.95905285130034,55,0.031078809407776,9,3.16320463512048,NA,66.5,9.7,8.03718922145117,NA,NA
2552402,Nick Boyle,BAL,TE,26,4,8,2.18909943850832,1.309,2.5451085814928,0.504747289842064,56,0.071282216427914,9,1.2361085814928,NA,61.2,9.5,5.29634994530154,NA,NA
2558129,Isaiah McKenzie,BUF,WR,24,2,6,2.16428348142361,0.755530949105915,3.3789158022899,1.33107320299842,135,0.12920885827024,13,2.62338485318399,NA,127,23.8,10.8083191678986,NA,NA
2540928,Darren Fells,HOU,TE,33,7,10,2.14371793248176,1.5,2.9988542927002,0.772792522323511,57,0.106982922906231,9,1.4988542927002,NA,47,16.9,7.93907877245841,NA,NA
2561137,Trenton Cannon,NYJ,RB,NA,1,4,2.11668788865906,1.456,2.69460987821123,0.68025603981832,82,0.056930673391272,11,1.23860987821123,NA,85.5,5.2,4.98112828671493,NA,NA
2552403,Nick OLeary,MIA,TE,27,4,5,2.09191651167905,1.04,3.1482107477928,1.38056740208095,58,0.113354306942893,9,2.1082107477928,NA,59.7,6.8,6.12816244001405,NA,NA
2555417,C.J. Prosise,SEA,RB,25,3,11,2.06767706551417,0.863653409090909,2.72086382978723,0.869817434869686,83,0.018824963676417,11,1.85721042069632,NA,94.7,10.7,8.78692379920407,NA,NA
2560051,Justin Watson,TB,WR,NA,1,7,2.05676790643785,1.056,2.97626714851445,1.12973939208663,136,0.070542299150226,13,1.92026714851445,NA,109.1,17,8.31216693040482,NA,NA
2562725,Jordan Scarlett,CAR,RB,NA,0,7,2.05183736502141,1.47981267217631,2.40061434225405,0.389769384970881,84,0.009176877581513,11,0.920801670077743,NA,90.6,7.1,6.29585764557481,NA,NA
2560915,Mark Walton,MIA,RB,22,1,5,2.04586683865409,0.986755681818182,2.8107055,0.953935961951881,85,0.012473131153542,11,1.82394981818182,NA,92.2,8,6.91862418398213,NA,NA
2553728,Raheem Mostert,SF,RB,NA,NA,4,2.03945413622569,1.28159285714286,2.48738723404255,0.539838407562755,86,0.034182619040254,11,1.2057943768997,NA,91,7,6.22666136352956,NA,NA
2562409,Devine Ozigbo,JAC,RB,49,0,10,2.02733327877541,1.21,2.91537566637898,1.31975881576531,87,0.077295661975483,11,1.70537566637898,NA,90.3,8,6.91862418398213,NA,NA
2558254,Robert Davis,WAS,WR,24,2,10,2.01338133986888,1.293,2.76125370936686,1.03893942555081,137,0.086070010119506,13,1.46825370936686,NA,NA,NA,NA,NA,NA
2555460,Paul Perkins,NYG,RB,25,3,11,1.98320975559547,0.45,2.83315591526242,1.19240252027049,88,0.12775156011377,11,2.38315591526242,NA,92.3,9.2,7.74897956852521,NA,NA
2559270,Robert Tonyan,GB,TE,25,2,11,1.98155350747201,0.660939105613701,3.27524226262917,1.31264736783494,59,0.057109366660503,9,2.61430315701547,NA,65.5,17.5,9.10914008332415,NA,NA
2540203,Levine Toilolo,SF,TE,28,6,4,1.97557090200031,0.653,2.81835321983116,0.955864313960117,60,0.138242006261644,9,2.16535321983116,NA,NA,NA,4.72959158620808,NA,NA
2558877,Zach Pascal,IND,WR,25,2,6,1.95906987470638,0.455,3.16079039330534,1.35326936605534,138,0.118964450176858,13,2.70579039330534,NA,143,18.6,8.89949686863864,NA,NA
2555461,Wendell Smallwood,WAS,RB,25,3,10,1.91686547800438,1.221,2.36027369352885,0.642812599933182,89,0.123243694231185,11,1.13927369352885,NA,81.8,5,4.84273572262442,NA,NA
2562492,Jakobi Meyers,NE,WR,49,0,10,1.89555278479237,0.016246913580247,3.100216,1.82976466413282,139,0.128582389549298,13,3.08396908641975,NA,113,9.4,5.52234972379414,NA,NA
2552586,Tyler Kroft,BUF,TE,27,4,6,1.8733173796227,-0.134938101788171,2.97845259938838,1.70938312339027,61,0.072134688818036,9,3.11339070117655,NA,43.4,7.7,6.99600858037525,NA,NA
2559248,Ricky Seals-Jones,CLE,TE,24,2,7,1.80134041185463,0.78,2.35496415529698,0.780360388795073,62,0.00833341674368,10,1.57496415529698,NA,38.4,9.2,5.71768564492459,NA,NA
2550521,Xavier Grimble,PIT,TE,27,5,7,1.80102496975469,0.484282913165266,2.89084898933463,1.17305204379526,63,0.054001719074294,10,2.40656607616937,NA,62.7,13.2,7.60331221294419,NA,NA
2558112,Brian Hill,ATL,RB,24,2,9,1.79405091295903,0.86,2.70048957012592,0.785107595781078,90,0.016724172819504,11,1.84048957012592,NA,73.4,4.5,4.49675431239813,NA,NA
2556440,J.D. McKissic,DET,RB,26,3,5,1.79319265458736,0.459193245778612,2.25634490317866,0.857365567847973,91,0.055770098318898,11,1.79715165740005,NA,94,6.4,5.81148367125801,NA,NA
2561060,Ross Dwelley,SF,TE,49,1,4,1.78498902046721,0.355,3.13501952331113,1.35638713781313,64,0.134614130233304,10,2.78001952331113,NA,77,16.3,8.84146065172627,NA,NA
2561061,Russell Gage,ATL,WR,23,1,9,1.78465806426667,0.601565176022835,2.54420547112462,0.936130202838361,141,0.052495987247032,13,1.94264029510178,NA,143,4.8,3.83377615137188,NA,NA
2562270,Myles Gaskin,MIA,RB,49,0,5,1.76146082569168,1.41169252077562,2.06310452382376,0.429567480842674,92,0.066295244241583,11,0.65141200304814,NA,92.4,9.1,7.67978328647995,NA,NA
2561054,Damion Ratley,CLE,WR,24,1,7,1.74928272621947,0.764,2.48193450710987,0.891023997057152,142,0.052700642185883,13,1.71793450710987,NA,130.3,6.9,4.60464669530378,NA,NA
2558928,Austin Carr,NO,WR,26,2,9,1.7150414278198,1.04,2.11008695652174,0.506161696729871,143,0.043360096611286,13,1.07008695652174,NA,128.6,4.3,3.65023554567381,NA,NA
2558273,T.J. Logan,TB,RB,25,2,7,1.71338428684524,0.678801491146319,2.50204711246201,0.902980681172064,93,0.063140232005606,11,1.82324562131569,NA,110.6,4.3,4.35836174830762,NA,NA
2561293,Deon Yelder,KC,TE,NA,1,12,1.70905748089359,0.428,2.46047386831276,0.966197352145093,65,0.153446721252426,10,2.03247386831276,NA,60,1,3.67999521817378,NA,NA
2560761,Richie James,SF,WR,24,1,4,1.67812274024738,0.612,2.38340175,1.07563442025006,144,0.016777127585061,13,1.77140175,NA,156.5,16.5,8.12862632470674,NA,NA
2533457,Alfred Morris,DAL,RB,31,7,8,1.67694687605496,1.15436134453782,2.0698488372093,0.520720172882262,94,0.073681862567263,11,0.915487492671488,NA,69,7.3,6.43425020966533,NA,NA
2562674,Diontae Johnson,PIT,WR,NA,0,7,1.66523992216964,0.106573739295909,2.5746375,1.25544816502739,145,0.055258874472162,13,2.46806376070409,NA,107.4,6.2,4.34768984732648,NA,NA
2562865,Scott Miller,TB,WR,49,0,7,1.65745130315501,0.67,2.37318176291793,1.54714963723617,146,0.096195907035033,13,1.70318176291793,NA,NA,NA,NA,NA,NA
2558954,Taysom Hill,NO,QB,29,2,9,1.6438909762974,1.1864,2.0418842409162,0.407022846092246,33,0.887221364811056,7,0.855484240916196,NA,32.9,0.6,2.70096869721871,NA,NA
2532797,Brandon Bolden,NE,RB,29,7,10,1.62354123362432,0,2.90927906976744,1.39555258292305,95,0.049039849207451,11,2.90927906976744,NA,NA,NA,NA,NA,NA
2495888,Marcedes Lewis,GB,TE,35,13,11,1.59169229957421,0.216,3.03835272774545,1.86171517585923,66,0.087196506924454,10,2.82235272774545,NA,65.3,3.3,5.99967272383033,NA,NA
2562743,Benny Snell,PIT,RB,49,0,7,1.58298879335107,1.02391254480287,2.21864514534884,0.833919755099639,96,0.038086764736586,11,1.19473260054597,NA,81.1,4.9,4.77353944057916,NA,NA
2562797,Qadree Ollison,ATL,RB,49,0,9,1.56601397548267,1.21,1.89455274193548,0.534698345951476,97,0.120504304472058,11,0.684552741935484,NA,91.5,2.5,3.11282867149299,NA,NA
2535964,Josh Bellamy,NYJ,WR,30,7,4,1.56251079223995,0.308012379642366,2.20240420313987,0.880029491104753,147,0.044023637149557,13,1.8943918234975,NA,139.6,25.5,11.432357227272,NA,NA
2556841,Byron Marshall,FA,WR,25,3,NA,1.56,1.56,1.56,Inf,148,0.116010781635882,14,0,NA,NA,NA,NA,NA,NA
2557531,Troymaine Pope,LAC,RB,26,3,12,1.5237900817463,0.905071360608944,2.02082609943182,0.615227107161592,98,0.197919515150855,12,1.11575473882287,NA,94.3,3.3,3.66639892785505,NA,NA
2557886,Jeremy Sprinkle,WAS,TE,25,2,10,1.51952921970812,1.11752100840336,2.00337947258618,0.504461764954627,67,0.043043644888121,10,0.885858464182817,NA,66.3,15,6.89250443233188,NA,NA
2562740,Kaden Smith,SF,TE,NA,0,4,1.4894623655914,0.93,1.8783023255814,0.855599205235723,68,0.029885849816363,10,0.948302325581395,NA,NA,NA,4.35967064361628,NA,NA
2560783,Chris Lacy,DET,WR,49,1,5,1.47697431018078,0.93,1.81944072948328,0.49936311139817,149,0.067687267676074,14,0.889440729483283,NA,NA,NA,NA,NA,NA
2562317,Foster Moreau,OAK,TE,49,0,6,1.4635087840486,0.201805212620027,2.42996588190257,1.22657792248446,69,0.023720373093336,10,2.22816066928255,NA,69,4.5,5.1763928113067,NA,NA
2560751,Ryan Izzo,NE,TE,24,1,10,1.45564424750147,0.402707818930041,1.91340812517944,0.699257457216783,70,0.041453630980853,10,1.5107003062494,NA,67,2,3.4778730720641,NA,NA
2555311,Jerell Adams,HOU,TE,27,3,10,1.42393257440906,0.160939105613701,2.533338,1.30352260982884,71,0.063818514224408,10,2.3723988943863,NA,NA,NA,6.01225198665831,NA,NA
2562653,Travis Fulgham,DET,WR,NA,0,5,1.41100412654745,1.4,1.416365,0.014142135623731,150,0.071943299033205,14,0.016365,NA,NA,NA,NA,NA,NA
2495159,Dwayne Harris,OAK,WR,32,8,6,1.40756995846196,0.430326869806094,2.068447,1.00701801268886,151,0.152434452709608,14,1.63812013019391,NA,NA,NA,NA,NA,NA
2562720,Drew Sample,CIN,TE,NA,0,9,1.40444865863218,0.052256515775034,2.30854746865729,1.17597431340188,72,0.09079727275003,10,2.25629095288225,NA,70,4.5,5.08304361432019,NA,NA
2552374,Ameer Abdullah,MIN,RB,26,4,12,1.36722926027492,0.87,1.65139269272927,0.381923837605175,99,0.117055365386304,12,0.781392692729266,NA,82.6,5,4.84273572262442,NA,NA
2495347,Lee Smith,BUF,TE,32,8,6,1.31577946173712,0,2.24093043478261,1.09150473274836,73,0.011724509526014,10,2.24093043478261,NA,NA,NA,5.23002720344373,NA,NA
2560866,Dalton Schultz,DAL,TE,23,1,8,1.31152331002717,0.999,1.46957446808511,0.204331300362723,74,0.026811730281178,11,0.470574468085106,NA,67.3,3.4,2.97130369684549,NA,NA
2552478,Blake Bell,KC,TE,28,4,12,1.29658659439504,0.601565176022835,1.87552157137167,0.637010086928888,75,0.041415636438076,11,1.27395639534884,NA,58.3,16.7,7.63053784928448,NA,NA
2508101,James Develin,NE,RB,31,9,10,1.28451187291596,0.545,1.64835872093023,0.451315086604282,100,0.11471301692174,12,1.10335872093023,NA,99.7,14.5,11.4163825169238,NA,NA
2557859,Jake Butt,DEN,TE,24,2,10,1.27283656509695,0,2.21406583850932,2.01808275350641,76,0.059124789843289,11,2.21406583850932,NA,46.5,3.5,6.34618735152785,NA,NA
2562577,Kelvin Harmon,WAS,WR,49,0,10,1.27055169656654,0.47,1.85361823708207,0.683466941250014,152,0.075907789166299,14,1.38361823708207,NA,129.4,5.9,4.23756548390764,NA,NA
2555331,Cody Core,NYG,WR,25,3,11,1.23971931493815,0.35,1.92968753799392,0.943127773472703,153,0.112880881193544,14,1.57968753799392,NA,136.2,5.4,4.05402487820957,NA,NA
2562777,Trevon Wesco,NYJ,TE,NA,0,4,1.23750535081697,0.56,1.6807471432673,0.650480068236548,77,0.064317803580848,11,1.1207471432673,NA,NA,NA,3.60289826818386,NA,NA
2556528,D.J. Foster,ARI,RB,NA,3,12,1.21583591686127,1.03,1.43856545593682,0.288829616129078,101,0.131243840918937,12,0.408565455936824,NA,102.6,4.5,4.49675431239813,NA,NA
2534241,Derek Carrier,OAK,TE,29,7,6,1.18991819969036,0,1.94929342541987,0.84370467735501,78,0.037001310088354,11,1.94929342541987,NA,61,11,6.35708796497945,NA,NA
2553744,Eric Tomlinson,NYG,TE,NA,NA,11,1.15645689478189,0,2.37418427584495,1.38305574407316,79,0.014725438672234,11,2.37418427584495,NA,NA,NA,6.30568379320836,NA,NA
2555413,Trevor Davis,GB,WR,26,3,11,1.14956849986233,0.550236134114874,1.73525156046315,0.702914924212243,154,0.055272416100977,14,1.18501542634828,NA,NA,NA,NA,NA,NA
2552401,MyCole Pruitt,TEN,TE,27,4,11,1.14937688442211,0.771,1.52182558139535,0.417134579933256,80,0.04022028559637,11,0.750825581395349,NA,NA,NA,2.74198678979541,NA,NA
2560880,Durham Smythe,MIA,TE,NA,1,5,1.13408602779721,0.400939105613701,1.75114893617021,0.838475494212967,81,0.056449809125216,11,1.35020983055651,NA,NA,NA,4.2964939373543,NA,NA
2561099,Mike Boone,MIN,RB,49,1,12,1.12376179512718,0.676653409090909,1.64444468085106,0.498377552028036,102,0.087980524931679,12,0.967791271760155,NA,80.3,6.3,5.74228738921276,NA,NA
2560844,Byron Pringle,KC,WR,49,1,12,1.10410836762689,0.98,1.19406534954407,0.1944543648263,155,0.019903087720152,14,0.214065349544073,NA,133,2,2.80594875946269,NA,NA
2558262,Mack Hollins,PHI,WR,26,2,10,1.08448379989583,0.100939105613701,1.55225514718019,0.677306232375985,156,0.008796873702498,14,1.45131604156649,NA,128.3,12.2,6.55017711570333,NA,NA
2553900,Daniel Brown,NYJ,TE,NA,NA,4,1.08422716985427,0,2.02280383079238,1.21803856552807,83,0.017561651892074,11,2.02280383079238,NA,54.6,10.3,6.84441303874963,NA,NA
2553434,Devin Smith,DAL,WR,NA,NA,8,1.08392675991764,0.439,1.59244,0.617165018253975,157,0.028643788930894,14,1.15344,NA,NA,NA,NA,NA,NA
2560734,Troy Fumagalli,DEN,TE,NA,1,10,1.07104526748971,1.048,1.0823455,0.029698484809835,84,0.029984839670566,12,0.0343455,NA,69.5,4.5,2.96849229942297,NA,NA
2552654,Geremy Davis,LAC,WR,27,4,12,1.06744709246902,0.7,1.355866,0.453057378799117,158,0.033918944515849,14,0.655866,NA,NA,NA,NA,NA,NA
2556478,Ben Braunecker,CHI,TE,25,3,6,1.06228576843469,0.600626070409134,1.39494468085106,0.341140239450395,85,0.04320209827458,12,0.79431861044193,NA,68.7,10.9,5.40096963535454,NA,NA
2556118,Dwayne Washington,NO,RB,NA,3,9,1.04542235675747,0.778,1.2558755,0.254720694488374,103,0.04597515530325,12,0.4778755,NA,93,8.3,7.1262130301179,NA,NA
2559013,Bobo Wilson,TB,WR,24,2,7,1.04311884950447,0.760891966759003,1.1911525,0.239787501781631,159,0.055089343554117,14,0.430260533240998,NA,142.4,10.3,5.85272281405067,NA,NA
2555234,Tyler Ervin,JAC,RB,26,3,10,1.02614018363354,0,1.84569473684211,1.11176401345956,104,0.058908662062955,12,1.84569473684211,NA,84,1,2.07488444081413,NA,NA
2553896,Darius Jennings,TEN,WR,NA,NA,11,1.02393744640186,0.73,1.39554188484552,0.436163547635534,160,0.11187666365244,14,0.665541884845523,NA,NA,NA,NA,NA,NA
2562654,Zach Gentry,PIT,TE,49,0,7,1.01983508720361,0.032256515775034,2.06290793377357,1.1326151230884,86,0.005566797818364,12,2.03065141799853,NA,NA,NA,5.38170104630273,NA,NA
2561027,Tyler Conklin,MIN,TE,NA,1,12,1.01833225311661,0.300939105613701,1.61526551844312,0.606745377954097,87,0.011428964586101,12,1.31432641282942,NA,NA,NA,3.44154225851039,NA,NA
2562750,Tommy Sweeney,BUF,TE,49,0,6,1.01020432565388,0,1.864573306058,1.18287624870472,88,0.025231156939561,12,1.864573306058,NA,NA,NA,5.56713587203878,NA,NA
2534820,Garrett Celek,SF,TE,31,7,4,1.00360225140713,0,2.14626162790698,1.78453796535644,89,0.128106139510044,12,2.14626162790698,NA,NA,NA,7.78692371425804,NA,NA
2560935,Darrel Williams,KC,RB,NA,1,12,0.972754219274912,0.58,1.33825406976744,0.37815528619817,105,0.036961853665693,13,0.758254069767442,NA,93.5,9.2,7.74897956852521,NA,NA
2557033,Garrett Griffin,NO,TE,NA,NA,9,0.966344086021505,0,1.63797674418605,1.47785317267988,90,0.207808898306912,12,1.63797674418605,NA,NA,NA,6.65543212133187,NA,NA
2556762,Elijhaa Penny,NYG,RB,26,3,11,0.961708823866249,0,1.78791743512475,0.952820633464565,106,0.081839182662716,13,1.78791743512475,NA,109.2,4.9,4.77353944057916,NA,NA
497320,Andre Roberts,BUF,WR,31,9,6,0.95212156549885,0.595506189821183,1.37022775589384,0.646148034996393,161,0.089361177687216,14,0.774721566072656,NA,138,11.2,6.18309590430719,NA,NA
2562665,Travis Homer,SEA,RB,49,0,11,0.909875907352188,0,1.68258345836459,1.07085006439486,107,0.064345494526968,13,1.68258345836459,NA,NA,NA,NA,NA,NA
2552431,Vince Mayle,FA,WR,NA,NA,NA,0.872,0.872,0.872,Inf,163,0.087335900918184,14,0,NA,NA,NA,NA,NA,NA
2561653,KhaDarel Hodge,FA,WR,49,1,NA,0.853520775623269,0.361,1.0895355,0.628617928474841,164,0.191647152844385,14,0.7285355,NA,NA,NA,NA,NA,NA
2495340,Anthony Sherman,KC,RB,31,8,12,0.849863375054878,0,1.66044730576875,1.03299283245016,108,0.01031733792914,13,1.66044730576875,NA,NA,NA,NA,NA,NA
2556803,C.J. Ham,MIN,RB,26,3,12,0.841197450595562,0,1.19720639534884,0.550177757024013,109,0.015845029598064,13,1.19720639534884,NA,NA,NA,NA,NA,NA
2561344,Buddy Howell,HOU,RB,49,1,10,0.837894623655914,0,1.83621075581395,1.11183975182025,110,0.031489514486373,13,1.83621075581395,NA,83.4,10.1,8.37174610693252,NA,NA
2495467,Taiwan Jones,HOU,RB,31,8,10,0.812810218339082,0.34,1.32802826086957,0.615537998934818,111,0.023409395422927,13,0.988028260869565,NA,NA,NA,NA,NA,NA
2561103,Tremon Smith,KC,RB,23,1,12,0.8,0.8,0.8,Inf,112,0.072042368921293,13,0,NA,NA,NA,NA,NA,NA
2559044,Antony Auclair,TB,TE,26,2,7,0.784648137772665,0,1.46670453167526,0.75882847005944,91,0.05278762670065,12,1.46670453167526,NA,NA,NA,4.00264194213539,NA,NA
2558138,Samaje Perine,CIN,RB,24,2,9,0.778801645832311,0.17,1.36495464907433,0.760560823020594,113,0.141864391370304,13,1.19495464907433,NA,109.8,6.3,5.74228738921276,NA,NA
2562299,Daniel Jones,NYG,QB,49,0,11,0.76424597745144,0,1.88850660047213,1.05100521138682,34,0.023604634861086,8,1.88850660047213,NA,37.2,0.4,3.48604537900979,NA,NA
2558979,Nick Mullens,SF,QB,49,2,4,0.749093245521249,0,1.54931735462614,0.899478316904691,35,0.026114798639523,8,1.54931735462614,NA,NA,NA,5.59564218881475,NA,NA
2552622,Chris Manhertz,CAR,TE,NA,NA,7,0.732422237656521,0,1.478532438652,0.850142300966052,92,0.121389401074042,12,1.478532438652,NA,NA,NA,4.33953778586795,NA,NA
2543477,Blake Bortles,LAR,QB,28,5,9,0.732189439659459,-0.00800038212816,1.46141735078803,0.804614206085968,36,0.040739262615415,8,1.46941773291619,NA,37.3,1.7,4.83420818633986,NA,NA
2556365,Seth DeValve,JAC,TE,26,3,10,0.731298784487509,0,1.36843416149068,0.750047422044242,93,0.263010963364768,12,1.36843416149068,NA,61,9.5,5.74885858602695,NA,NA
2556381,Mike Thomas,LAR,WR,25,3,9,0.715807422540364,0.34,1.04420599656121,0.535289640131533,165,0.136665765879308,14,0.70420599656121,NA,NA,NA,NA,NA,NA
2532956,Ryan Tannehill,TEN,QB,31,7,11,0.713767454103994,0,1.59724213538717,0.939937701252918,37,0.117025064024562,8,1.59724213538717,NA,35.6,0.6,3.57364913160101,NA,NA
2539303,Zach Line,NO,RB,29,6,9,0.677113616325103,0,1.11067558139535,0.518506756050199,114,0.085276106313737,13,1.11067558139535,NA,NA,NA,NA,NA,NA
2562651,Ryan Finley,CIN,QB,49,0,9,0.669132899984093,0,1.33373594528199,0.755250183717599,38,0.158088993680109,8,1.33373594528199,NA,NA,NA,5.12327753730992,NA,NA
2560801,Ray-Ray McCloud,CAR,WR,NA,1,7,0.607939823017404,0,1.09058447204969,0.546871712068287,167,0.066070016923221,14,1.09058447204969,NA,147.5,3.8,3.46669493997574,NA,NA
2539289,Kenjon Barner,ATL,RB,30,6,9,0.59676089259891,0.32,0.83466699019066,0.266325329198288,115,0.035713755016041,14,0.51466699019066,NA,NA,NA,NA,NA,NA
2560949,Josh Adams,FA,RB,23,1,NA,0.586914127423823,0,1.02092173913043,0.930552524041497,116,0.058824053552866,14,1.02092173913043,NA,84.3,6.3,5.74228738921276,NA,NA
2557866,Jehu Chesson,FA,WR,26,2,NA,0.550343490304709,0,0.957308074534161,0.8725697679842,169,0.020548152582734,14,0.957308074534161,NA,NA,NA,NA,NA,NA
2550289,David Fluellen,TEN,RB,27,5,11,0.535180147741914,0.162653409090909,0.910274772036474,0.473261806339669,117,0.032548424814086,14,0.747621362945565,NA,105,15.8,12.3159341835122,NA,NA
2560243,Brandon Zylstra,CAR,WR,26,2,7,0.533396121883657,0,0.927828571428571,0.845699710299111,171,0.020713993153756,14,0.927828571428571,NA,NA,NA,NA,NA,NA
2562465,Olabisi Johnson,MIN,WR,49,0,12,0.526194553560294,0,1.06566913330081,0.780684367352168,172,0.028474203661786,14,1.06566913330081,NA,NA,NA,NA,NA,NA
2507282,Matt Moore,KC,QB,35,12,12,0.524351880174773,0,1.18023744335525,0.625511552456907,39,0.03433561518655,8,1.18023744335525,NA,NA,NA,4.69836776424454,NA,NA
2557033,Garrett Griffin,NO,RB,NA,NA,9,0.521,0.521,0.521,NA,118,0.042274094246687,14,0,NA,NA,NA,NA,NA,NA
2543638,DeAnthony Thomas,KC,WR,26,5,12,0.499169703899506,0,0.897249594652977,0.541826114232398,173,0.003647686005772,14,0.897249594652977,NA,NA,NA,NA,NA,NA
2495441,Blaine Gabbert,TB,QB,30,8,7,0.497735932433194,-0.013493810178817,1.09351987767584,0.919183699780679,40,0.025471306030576,8,1.10701368785466,NA,NA,NA,5.66017971078982,NA,NA
2560975,Braxton Berrios,NYJ,WR,24,1,4,0.49627099589751,-0.030522633744856,0.858155623100304,0.507464595671272,174,0.010027309717871,14,0.88867825684516,NA,NA,NA,NA,NA,NA
2560867,Jaleel Scott,BAL,WR,24,1,8,0.494773039889959,0,0.855443425076453,0.777817459305202,176,0.018875707450313,14,0.855443425076453,NA,NA,NA,NA,NA,NA
2507828,Logan Paulsen,HOU,TE,32,9,10,0.49076688867745,0.4,0.596636474164134,0.163479848281462,98,0.117120129621967,13,0.196636474164134,NA,68.7,25.9,9.427822074157,NA,NA
2558833,Alexander Armah,CAR,RB,25,2,7,0.484263445855657,0,0.795331976744186,0.364187916967552,119,0.015133972858026,14,0.795331976744186,NA,NA,NA,NA,NA,NA
2495240,Tyrod Taylor,LAC,QB,30,8,12,0.482296597543251,0,0.919815317959753,0.465064242654473,41,0.020699748650255,8,0.919815317959753,NA,38.7,2.1,4.8171415925536,NA,NA
2560939,Javon Wims,CHI,WR,25,1,6,0.477714332469319,0,0.848024422535782,0.425636529057812,177,0.005863916956853,14,0.848024422535782,NA,NA,NA,NA,NA,NA
2553499,Damiere Byrd,ARI,WR,NA,NA,12,0.474080332409972,0,0.824650310559006,0.7516545084013,178,0.021062266133952,14,0.824650310559006,NA,NA,NA,NA,NA,NA
2556801,Kenneth Farrow,FA,RB,26,3,NA,0.47318836565097,0,0.823098757763975,0.750240294838927,120,0.027869475372342,14,0.823098757763975,NA,NA,NA,NA,NA,NA
2561261,Brandon Powell,FA,WR,49,1,NA,0.469620498614958,0,0.816892546583851,0.744583440589435,179,0.044699385247525,14,0.816892546583851,NA,138.7,14.5,7.39446390191446,NA,NA
2556603,Tre Madden,FA,RB,26,3,NA,0.465070580344293,0,0.958213987199119,0.717367006985021,121,0.042286980237812,14,0.958213987199119,NA,NA,NA,NA,NA,NA
2560858,Josh Rosen,MIA,QB,22,1,5,0.462232655261986,-0.064518449355051,0.953823700354101,0.501615838294132,42,0.010244871745025,8,1.01834214970915,NA,34.2,0.8,3.1253540102706,NA,NA
2541185,Ryan Griffin,TB,QB,30,6,7,0.460961042524005,0,0.795077629179331,0.72223886630394,43,0.017983009633299,8,0.795077629179331,NA,NA,NA,5.01516146382798,NA,NA
2543767,Logan Thomas,DET,TE,28,5,5,0.44580875356803,0,0.727263525835866,0.429579261442969,99,0.170506700514669,13,0.727263525835866,NA,NA,NA,2.78790055155058,NA,NA
2539308,Matt Barkley,BUF,QB,29,6,6,0.443014524509918,0,0.977859310528702,0.517602231022133,44,0.005830927812882,8,0.977859310528702,NA,NA,NA,4.34495163184865,NA,NA
2562746,Jarrett Stidham,NE,QB,49,0,10,0.442941541271495,0,0.887610320170446,0.487916677109388,45,0.011820080769867,8,0.887610320170446,NA,NA,NA,4.24772783771875,NA,NA
2562287,Jalen Hurd,SF,WR,49,0,4,0.436415633937083,0,0.950886850152905,0.796291631919074,181,0.027977789488714,14,0.950886850152905,NA,105.3,10.4,5.88943093519028,NA,NA
2505076,Josh McCown,PHI,QB,40,17,10,0.431425652122576,-0.018586529261911,0.918458456532858,0.467232387692361,46,0.002875827557081,8,0.937044985794768,NA,NA,NA,4.17998427794165,NA,NA
2533033,Robert Griffin,BAL,QB,29,7,8,0.430817268880679,0,0.769948536694952,0.403149706286114,47,0.00872811609932,8,0.769948536694952,NA,40,2.4,5.1199780965735,NA,NA
2562404,Will Grier,CAR,QB,49,0,7,0.426282380250312,0,0.724531630038234,0.422315635638265,48,0.010079767726274,8,0.724531630038234,NA,NA,NA,4.03287646019545,NA,NA
2495262,Nick Bellore,SEA,RB,30,8,11,0.425567200212962,0,0.746205167173252,0.444316752296154,122,0.011424174490742,14,0.746205167173252,NA,NA,NA,NA,NA,NA
2561524,Dalyn Dawkins,TEN,RB,49,1,11,0.42,0.42,0.42,NA,123,0.012489005241563,14,0,NA,NA,NA,NA,NA,NA
2495748,Drew Stanton,CLE,QB,35,12,7,0.417895925312407,0,0.858621969885475,0.434776392926981,49,0.027064419115154,8,0.858621969885475,NA,NA,NA,4.07368695357218,NA,NA
2552588,Brett Hundley,ARI,QB,26,4,12,0.414509299735669,-0.156115088010513,0.995985945046687,0.545055950813543,50,0.051576860808692,8,1.1521010330572,NA,NA,NA,4.43486589819334,NA,NA
2559394,Lance Lenoir,DAL,WR,24,2,8,0.413426592797784,0,0.719144720496894,0.65548798615993,182,0.014800382698446,14,0.719144720496894,NA,NA,NA,NA,NA,NA
2530763,Patrick DiMarco,BUF,RB,30,8,6,0.40828605144444,0,0.68425652173913,0.35951439681208,124,0.014557690174105,14,0.68425652173913,NA,NA,NA,NA,NA,NA
2550400,Keith Smith,ATL,RB,27,5,9,0.406735938072433,0,0.74625248447205,0.462902101550288,125,0.030400476586237,14,0.74625248447205,NA,NA,NA,NA,NA,NA
2555419,Pharoh Cooper,CIN,WR,24,3,9,0.403449096098953,0,0.65653447204969,0.388559490432779,184,0.015593058113813,14,0.65653447204969,NA,NA,NA,NA,NA,NA
2556661,Kalif Raymond,TEN,WR,25,3,11,0.393803324099723,0,0.685010559006211,0.624375287787722,186,0.021425079851687,14,0.685010559006211,NA,NA,NA,NA,NA,NA
2562956,Juwann Winfree,DEN,WR,49,0,10,0.381908751870557,0.044769547325103,0.556736,0.284471836832703,187,0.071372695192149,14,0.511966452674897,NA,NA,NA,NA,NA,NA
2550235,Roosevelt Nix,PIT,RB,NA,NA,7,0.380720784468237,0,0.670191304347826,0.348382880952476,126,0.014828246165265,14,0.670191304347826,NA,NA,NA,NA,NA,NA
2550268,Charcandrick West,FA,RB,28,5,NA,0.371950138504155,0,0.64699751552795,0.589727055509581,127,0.017686091655352,14,0.64699751552795,NA,NA,NA,NA,NA,NA
2560860,Mason Rudolph,PIT,QB,24,1,7,0.367153712658837,-0.067553715912592,0.856218830808744,0.553923589194731,51,0.018697542951202,8,0.923772546721336,NA,NA,NA,4.46390849079326,NA,NA
2560787,Allen Lazard,GB,WR,24,1,11,0.362847736625514,0,0.625849240121581,0.568513852073984,189,0.115326961002246,14,0.625849240121581,NA,NA,NA,NA,NA,NA
2555229,Kenneth Dixon,FA,RB,25,3,NA,0.359834938101788,0,0.622140672782875,0.565685424949238,128,0.032193657032447,14,0.622140672782875,NA,NA,NA,NA,NA,NA
2562796,Gardner Minshew,JAC,QB,49,0,10,0.358711165195117,0,0.753159256340659,0.469021677092004,52,0.027166916972874,8,0.753159256340659,NA,NA,NA,4.18584441801992,NA,NA
2555220,Derek Watt,LAC,RB,27,3,12,0.348693155595818,0,0.661353416149068,0.343101666635839,129,0.044879061742669,14,0.661353416149068,NA,NA,NA,NA,NA,NA
264,Josh Johnson,DET,QB,33,11,5,0.338201174220152,0,0.729660797149187,0.482294207411499,53,0.019795950724894,8,0.729660797149187,NA,NA,NA,4.2293135666556,NA,NA
2562660,Dwayne Haskins,WAS,QB,49,0,10,0.324887322224334,-0.471776034337802,1.04633846093725,0.676084649154803,54,0.035396211165162,8,1.51811449527505,NA,34.4,0.5,3.00683196512597,NA,NA
2555365,Brandon Allen,DEN,QB,27,3,10,0.31192312476618,0,0.673571069833765,0.55476098471678,55,0.047914691729903,8,0.673571069833765,NA,NA,NA,4.46665106282275,NA,NA
2536044,Jamize Olawale,DAL,RB,30,7,8,0.306589406542864,0,0.591869300911854,0.323943296901112,130,0.006442592138432,15,0.591869300911854,NA,NA,NA,NA,NA,NA
2558929,Cethan Carter,CIN,TE,26,2,9,0.301484764542936,0,0.524424844720497,0.478004184082106,107,0.068612421401179,13,0.524424844720497,NA,NA,NA,2.96656083782069,NA,NA
2556273,Darius Jackson,FA,RB,26,3,NA,0.301038781163435,0,0.523649068322981,0.47729707730092,131,0.015262974366829,15,0.523649068322981,NA,104,3.3,3.66639892785505,NA,NA
2552379,Jeremy Langford,FA,RB,28,4,NA,0.299254847645429,0,0.520545962732919,0.474468650176173,132,0.030649400959627,15,0.520545962732919,NA,NA,NA,NA,NA,NA
2555227,Jonathan Williams,IND,RB,25,3,6,0.272296765947783,0,0.536918418471809,0.371227328452521,133,0.011961929165337,15,0.536918418471809,NA,99.5,9.5,7.95656841466098,NA,NA
2557922,C.J. Beathard,SF,QB,26,2,4,0.267059097352165,-0.013493810178817,0.590908256880734,0.498308147312189,56,0.009352105411267,8,0.604402067059551,NA,NA,NA,4.28176116459127,NA,NA
2552636,Michael Burton,FA,RB,27,4,NA,0.264914127423823,0,0.460811180124224,0.420021428024809,134,0.016174858508413,15,0.460811180124224,NA,NA,NA,NA,NA,NA
2543465,Teddy Bridgewater,NO,QB,27,5,9,0.26095776872039,0,0.594211595728942,0.39030739387876,57,0.010036401167198,8,0.594211595728942,NA,NA,NA,3.92804558129613,NA,NA
2559008,Isaac Whitney,HOU,WR,25,2,10,0.258224376731302,0,0.449174534161491,0.409414826307011,190,0.02911424058103,14,0.449174534161491,NA,NA,NA,NA,NA,NA
2558990,Patrick Ricard,BAL,RB,25,2,8,0.255755546141069,0,0.450388198757764,0.298786025287777,135,0.015593496279574,15,0.450388198757764,NA,NA,NA,NA,NA,NA
81284,Chase Daniel,CHI,QB,33,10,6,0.254456215161405,0,0.605763242096532,0.35948936605238,58,0.011054238763795,8,0.605763242096532,NA,NA,NA,3.82711279756946,NA,NA
2559018,Pharaoh Brown,CLE,TE,49,2,7,0.249119341563786,0,0.429687537993921,0.390322943214974,110,0.049465926266447,13,0.429687537993921,NA,NA,NA,2.64306717505167,NA,NA
2506340,Alex Smith,WAS,QB,35,14,10,0.247386519944979,0,0.427721712538226,0.388908729652601,59,0.011783772911067,8,0.427721712538226,NA,NA,NA,3.92346478609922,NA,NA
2561468,De'Lance Turner,FA,RB,49,1,NA,0.241722991689751,0,0.420470807453416,0.383251875403109,136,0.003504056328823,15,0.420470807453416,NA,NA,NA,NA,NA,NA
81294,Brian Hoyer,IND,QB,34,10,6,0.23941743285024,0,0.592461504769196,0.355029834243189,60,0.024786099705938,8,0.592461504769196,NA,NA,NA,3.812507289321,NA,NA
2561291,Shaun Wilson,WAS,RB,49,1,10,0.238601108033241,0,0.415040372670807,0.378302127934803,137,0.013315690677853,15,0.415040372670807,NA,NA,NA,NA,NA,NA
2560972,Nick Bawden,DET,RB,23,1,5,0.237836762688615,0,0.410227051671733,0.372645273685311,138,0.02579724617486,15,0.410227051671733,NA,NA,NA,NA,NA,NA
2535988,Brittan Golden,NYG,WR,31,7,11,0.236817174515235,0,0.411937267080745,0.375473700810057,191,0.01701171713831,14,0.411937267080745,NA,NA,NA,NA,NA,NA
2539275,Mike Glennon,OAK,QB,30,6,6,0.231788061217585,-0.042202164816544,0.565924625470233,0.300524818838084,61,0.034692537446416,8,0.608126790286777,NA,NA,NA,3.63399674468475,NA,NA
2558905,JoJo Natson,LAR,WR,25,3,9,0.221403097785309,-0.076044550946972,0.537665102886284,0.338602170958109,194,0.022433538331509,14,0.613709653833256,NA,151,12.5,6.66030147912218,NA,NA
2558091,Noah Brown,DAL,WR,NA,2,8,0.218207816968541,0,0.475443425076453,0.398145815959537,195,0.040835016332664,14,0.475443425076453,NA,NA,NA,NA,NA,NA
2559161,Sean Culkin,LAC,TE,NA,NA,12,0.216625344719729,0,0.39649751552795,0.201310897185651,111,0.082554202882667,14,0.39649751552795,NA,NA,NA,1.94572075895628,NA,NA
2534871,Derrick Coleman,FA,RB,29,7,NA,0.212734072022161,0,0.370045341614907,0.337289934625983,139,0.007607297890678,15,0.370045341614907,NA,NA,NA,NA,NA,NA
2555218,Dan Vitale,GB,RB,NA,3,11,0.211344961005348,0,0.326798447204969,0.193016024393815,140,0.030052717238035,15,0.326798447204969,NA,NA,NA,NA,NA,NA
2557987,Matthew Dayes,NO,RB,NA,2,9,0.198908587257618,0,0.345996273291925,0.3153696244092,141,0.042070637119114,15,0.345996273291925,NA,NA,NA,NA,NA,NA
2559242,Cooper Rush,DAL,QB,NA,2,8,0.197474605071021,0,0.401592423730722,0.223601341333606,62,0.001687554529569,8,0.401592423730722,NA,NA,NA,3.38206301413574,NA,NA
2552576,Sean Mannion,MIN,QB,27,4,12,0.196716442471316,0,0.405528002679682,0.199049992401135,63,0.004938991580676,8,0.405528002679682,NA,NA,NA,3.30165436482309,NA,NA
2543497,AJ McCarron,HOU,QB,29,5,10,0.194857658611588,0,0.40625916547038,0.206291961658416,64,0.008301334138159,8,0.40625916547038,NA,NA,NA,3.32537269361811,NA,NA
2505982,Matt Schaub,ATL,QB,38,15,9,0.188697243169691,0,0.368030163971034,0.181631947015208,65,0.015440922549936,8,0.368030163971034,NA,NA,NA,3.24460815090623,NA,NA
2555262,Jeff Driskel,CIN,QB,26,3,9,0.184415405777166,0,0.318847094801223,0.289913780286484,66,0.026136941161953,8,0.318847094801223,NA,NA,NA,3.59924430480515,NA,NA
2558875,Johnny Mundt,LAR,TE,49,2,9,0.182681485874949,0,0.385644376899696,0.217655211390923,112,0.12803155465074,14,0.385644376899696,NA,NA,NA,2.00602193644216,NA,NA
2540279,Nick Williams,SF,WR,29,6,4,0.179731301939058,0,0.312637888198758,0.284964032818179,196,0.006149360028942,14,0.312637888198758,NA,NA,NA,NA,NA,NA
2559066,Gehrig Dieter,KC,WR,NA,2,12,0.175014299332698,0,0.38082298136646,0.31465829495569,197,0.056382720385329,14,0.38082298136646,NA,NA,NA,NA,NA,NA
2561358,J.J. Jones,FA,WR,49,1,NA,0.172149584487535,0,0.299449689440994,0.272943217538007,199,0.108420252502713,14,0.299449689440994,NA,NA,NA,NA,NA,NA
2550633,Senorise Perry,FA,RB,28,5,NA,0.163675900277008,0,0.284709937888199,0.259508188695463,142,0.038725761772853,15,0.284709937888199,NA,NA,NA,NA,NA,NA
2561177,Kyle Allen,CAR,QB,49,1,7,0.162097235462345,0,0.353186544342508,0.295765463284228,67,0.037071124144553,8,0.353186544342508,NA,NA,NA,3.61840927726139,NA,NA
2553457,Trevor Siemian,NYJ,QB,NA,NA,4,0.154459693768082,-0.01872013002732,0.405774979423868,0.246667420173867,68,0.099112566937826,8,0.424495109451188,NA,NA,NA,3.45760722352261,NA,NA
2562959,Chandler Cox,MIA,RB,NA,0,5,0.15,0.15,0.15,NA,143,0.055070494233121,15,0,NA,NA,NA,NA,NA,NA
2559163,Justin Davis,FA,RB,NA,2,NA,0.09990027700831,0,0.173773913043478,0.158391918985787,144,0.035149712181391,15,0.173773913043478,NA,NA,NA,NA,NA,NA
2539335,Geno Smith,SEA,QB,29,6,11,0.095592528867501,-0.000847947063225,0.228564717534501,0.179787105649426,69,0.087792286108746,8,0.229412664597726,NA,NA,NA,3.23856607139253,NA,NA
2562600,Trayveon Williams,CIN,RB,49,0,9,0.089958734525447,0,0.155535168195719,0.14142135623731,145,0.070187536961251,15,0.155535168195719,NA,94.5,6.2,5.6730911071675,NA,NA
2550313,Richard Rodgers,PHI,TE,27,5,10,0.085460797799175,0,0.147758409785933,0.134350288425444,114,0.073541265474553,14,0.147758409785933,NA,NA,NA,1.69867438535504,NA,NA
2556855,Marcus Johnson,FA,WR,25,3,NA,0.065113573407202,0,0.113263354037267,0.103237590053236,205,0.017885626463932,14,0.113263354037267,NA,NA,NA,NA,NA,NA
2560890,Auden Tate,CIN,WR,22,1,9,0.06234509056244,0,0.135840978593272,0.113755947417011,206,0.046289688900391,15,0.135840978593272,NA,NA,NA,NA,NA,NA
2562784,Dexter Williams,GB,RB,NA,0,11,0.039542395128392,-0.053975240715268,0.122256880733945,0.119246661068379,146,0.039542395128392,16,0.176232121449213,NA,86,4.3,4.35836174830762,NA,NA
4487,Matthew Slater,NE,WR,34,11,10,0.0321108033241,0,0.055855900621118,0.050911688245431,207,0.0321108033241,15,0.055855900621118,NA,NA,NA,NA,NA,NA
2562710,Dax Raymond,CHI,TE,49,0,6,0.023839064649244,0,0.041216819571866,0.037476659402887,116,0.023839064649244,15,0.041216819571866,NA,NA,NA,1.3412660643925,NA,NA
2561187,Tim Boyle,GB,QB,49,1,11,0.015101724793011,-0.816251418064132,0.433899681872574,0.570409431960226,70,0.014852344430761,8,1.25015109993671,NA,NA,NA,4.51790162791988,NA,NA
2549982,Garrett Gilbert,CLE,QB,28,5,7,0.0004987607245,0,0.001086727828746,0.000910047579336,71,0.0004987607245,8,0.001086727828746,NA,NA,NA,2.65272198306976,NA,NA
252,Chad Henne,KC,QB,34,11,12,0,0,0,NA,72,0,8,0,NA,NA,NA,NA,NA,NA
497123,Colt McCoy,WAS,QB,33,9,10,0,0,0,0,72,0,8,0,NA,NA,NA,2.64974146672966,NA,NA
497224,Ed Dickson,SEA,TE,32,9,11,0,0,0,0,117,0,15,0,NA,NA,NA,1.20299861175735,NA,NA
497326,Golden Tate,NYG,WR,31,9,11,0,0,0,0,208,0,15,0,NA,NA,NA,NA,NA,NA
1037347,Joe Webb,HOU,QB,33,9,10,0,0,0,0,72,0,8,0,NA,NA,NA,2.64974146672966,NA,NA
2495187,Lance Kendricks,NE,TE,31,8,10,0,0,0,0,117,0,15,0,NA,NA,NA,1.20299861175735,NA,NA
2495450,A.J. Green,CIN,WR,31,8,9,0,0,0,0,208,0,15,0,NA,NA,NA,NA,NA,NA
2506122,Benjamin Watson,NE,TE,39,15,10,0,0,0,0,117,0,15,0,NA,NA,NA,1.20299861175735,NA,NA
2532887,Jermaine Kearse,DET,WR,29,7,5,0,0,0,NA,208,0,15,0,NA,NA,NA,NA,NA,NA
2533031,Andrew Luck,FA,QB,30,7,NA,0,0,0,NA,72,0,8,0,NA,NA,NA,NA,NA,NA
2533034,Lamar Miller,HOU,RB,28,7,10,0,0,0,NA,147,0,16,0,NA,NA,NA,NA,NA,NA
2534870,Alex Tanney,NYG,QB,32,7,11,0,0,0,0,72,0,8,0,NA,NA,NA,2.64974146672966,NA,NA
2540020,Theo Riddick,DEN,RB,28,6,10,0,0,0,NA,147,0,16,0,NA,NA,NA,NA,NA,NA
2540204,Spencer Ware,IND,RB,28,6,6,0,0,0,0,147,0,16,0,NA,NA,NA,NA,NA,NA
2541147,Charles Johnson,PHI,WR,30,6,10,0,0,0,0,208,0,15,0,NA,NA,NA,NA,NA,NA
2541388,Brice Butler,FA,WR,29,6,NA,0,0,0,NA,208,0,15,0,NA,NA,NA,NA,NA,NA
2543600,Alfred Blue,JAC,RB,28,5,10,0,0,0,NA,147,0,16,0,NA,93.3,8,6.91862418398213,NA,NA
2543715,Jerick McKinnon,SF,RB,27,5,4,0,0,0,NA,147,0,16,0,NA,NA,NA,NA,NA,NA
2550189,Isaiah Crowell,OAK,RB,26,5,6,0,0,0,NA,147,0,16,0,NA,NA,NA,NA,NA,NA
2550284,Trey Burton,CHI,TE,28,5,6,0,0,0,0,117,0,16,0,NA,21.8,5.5,3.20401275485909,NA,NA
2552431,Vince Mayle,FA,TE,NA,NA,NA,0,0,0,NA,117,0,17,0,NA,NA,NA,NA,NA,NA
2552469,Melvin Gordon,LAC,RB,26,4,12,0,0,0,0,147,0,16,0,NA,76.3,10.5,8.64853123511355,NA,NA
2553446,Malcolm Johnson,FA,RB,27,4,NA,0,0,0,NA,147,0,16,0,NA,NA,NA,NA,NA,NA
2553568,Cameron Meredith,NE,WR,NA,NA,10,0,0,0,0,208,0,15,0,NA,NA,NA,NA,NA,NA
2553743,Rod Smith,NYG,RB,NA,NA,11,0,0,0,NA,147,0,16,0,NA,86,6.4,5.81148367125801,NA,NA
2555306,David Morgan,MIN,TE,26,3,12,0,0,0,0,117,0,17,0,NA,NA,NA,1.20299861175735,NA,NA
2555333,Corey Coleman,NYG,WR,25,3,11,0,0,0,NA,208,0,15,0,NA,NA,NA,NA,NA,NA
2555427,Nate Sudfeld,PHI,QB,26,3,10,0,0,0,0,72,0,8,0,NA,NA,NA,2.64974146672966,NA,NA
2555432,Andy Janovich,DEN,RB,26,3,10,0,0,0,0,147,0,16,0,NA,NA,NA,NA,NA,NA
2555473,Ricardo Louis,MIA,WR,NA,3,5,0,0,0,NA,208,0,15,0,NA,NA,NA,NA,NA,NA
2556375,Rico Gathers,CLE,TE,25,3,7,0,0,0,0,117,0,17,0,NA,NA,NA,1.20299861175735,NA,NA
2556383,K.J. Brent,TB,WR,26,3,7,0,0,0,NA,208,0,15,0,NA,NA,NA,NA,NA,NA
2556415,Joe Kerridge,FA,RB,27,3,NA,0,0,0,NA,147,0,16,0,NA,NA,NA,NA,NA,NA
2556713,Josh Woodrum,FA,QB,27,3,NA,0,0,0,NA,72,0,8,0,NA,NA,NA,NA,NA,NA
2556841,Byron Marshall,FA,RB,25,3,NA,0,0,0,NA,147,0,17,0,NA,NA,NA,NA,NA,NA
2557869,Chad Kelly,IND,QB,25,2,6,0,0,0,0,72,0,8,0,NA,NA,NA,2.64974146672966,NA,NA
2557917,Kareem Hunt,CLE,RB,24,2,7,0,0,0,0,147,0,17,0,NA,NA,NA,NA,NA,NA
2557983,DeShone Kizer,OAK,QB,23,2,6,0,0,0,0,72,0,8,0,NA,NA,NA,2.64974146672966,NA,NA
2558011,Bucky Hodges,NYJ,TE,24,2,4,0,0,0,NA,117,0,15,0,NA,NA,NA,NA,NA,NA
2558191,Nathan Peterman,OAK,QB,25,2,6,0,0,0,NA,72,0,8,0,NA,NA,NA,NA,NA,NA
2558202,Trent Taylor,SF,WR,25,2,4,0,0,0,0,208,0,15,0,NA,112,9,5.37551723923568,NA,NA
2558837,Devante Mays,FA,RB,NA,2,NA,0,0,0,NA,147,0,16,0,NA,NA,NA,NA,NA,NA
2558856,David Moore,SEA,WR,24,2,11,0,0,0,0,208,0,15,0,NA,NA,NA,NA,NA,NA
2558911,C.J. Board,JAC,WR,49,2,10,0,0,0,NA,208,0,15,0,NA,NA,NA,NA,NA,NA
2559076,Marcus Kemp,KC,WR,24,2,12,0,0,0,NA,208,0,15,0,NA,NA,NA,NA,NA,NA
2559147,Billy Brown,IND,TE,26,2,6,0,0,0,NA,117,0,15,0,NA,NA,NA,NA,NA,NA
2559159,Jason Croom,BUF,TE,49,2,6,0,0,0,NA,117,0,15,0,NA,NA,NA,NA,NA,NA
2559170,Amba Etta-Tawo,FA,WR,26,2,NA,0,0,0,NA,208,0,15,0,NA,NA,NA,NA,NA,NA
2559880,Keith Ford,FA,RB,49,1,NA,0,0,0,NA,147,0,16,0,NA,NA,NA,NA,NA,NA
2559921,Daurice Fountain,IND,WR,24,1,6,0,0,0,NA,208,0,15,0,NA,NA,NA,NA,NA,NA
2560738,Chris Herndon,NYJ,TE,NA,1,4,0,0,0,0,117,0,18,0,NA,NA,NA,1.20299861175735,NA,NA
2560883,Equanimeous St. Brown,GB,WR,23,1,11,0,0,0,NA,208,0,15,0,NA,NA,NA,NA,NA,NA
2560896,Jordan Thomas,HOU,TE,23,1,10,0,0,0,NA,117,0,15,0,NA,43.5,2.5,3.463192862853,NA,NA
2560974,Kurt Benkert,ATL,QB,24,1,9,0,0,0,NA,72,0,8,0,NA,NA,NA,NA,NA,NA
2560988,Antonio Callaway,CLE,WR,22,1,7,0,0,0,0,208,0,15,0,NA,NA,NA,NA,NA,NA
2560990,Dylan Cantrell,LAC,WR,25,1,12,0,0,0,NA,208,0,15,0,NA,NA,NA,NA,NA,NA
2560997,Davon Grayson,FA,WR,24,1,NA,0,0,0,NA,208,0,15,0,NA,NA,NA,NA,NA,NA
2561130,Steve Ishmael,IND,WR,49,1,6,0,0,0,NA,208,0,15,0,NA,NA,NA,NA,NA,NA
2561521,Cameron Batson,TEN,WR,49,1,11,0,0,0,NA,208,0,15,0,NA,NA,NA,NA,NA,NA
2562221,Rodney Anderson,CIN,RB,NA,0,9,0,0,0,NA,147,0,16,0,NA,NA,NA,NA,NA,NA
2562305,Drew Lock,DEN,QB,49,0,10,0,0,0,NA,72,0,8,0,NA,NA,NA,NA,NA,NA
2562403,Trace McSorley,BAL,QB,49,0,8,0,0,0,NA,72,0.007793136320305,8,0,NA,NA,NA,NA,NA,NA
2562406,Bryce Love,WAS,RB,49,0,10,0,0,0,NA,147,0,16,0,NA,NA,NA,NA,NA,NA
2562491,Hakeem Butler,ARI,WR,49,0,12,0,0,0,NA,208,0,15,0,NA,NA,NA,NA,NA,NA
2562626,Andrew Beck,DEN,TE,49,0,10,0,0,0,NA,117,0,15,0,NA,NA,NA,NA,NA,NA
2562640,Felton Davis,KC,WR,49,0,12,0,0,0,NA,208,0,15,0,NA,NA,NA,NA,NA,NA
2562659,N'Keal Harry,NE,WR,49,0,10,0,0,0,0,208,0,15,0,NA,103.3,4.8,3.83377615137188,NA,NA
2562689,Jalin Moore,NYJ,RB,49,0,4,0,0,0,NA,147,0,16,0,NA,NA,NA,NA,NA,NA
2562693,Josh Oliver,JAC,TE,NA,0,10,0,0,0,NA,117,0,15,0,NA,48.2,14.5,10.4305290032843,NA,NA
2562713,Riley Ridley,CHI,WR,49,0,6,0,0,0,0,208,0,15,0,NA,128,6.2,4.34768984732648,NA,NA
2562744,Jace Sternberger,GB,TE,NA,0,11,0,0,0,NA,117,0,15,0,NA,56.5,0.5,2.30197017278112,NA,NA
2562745,Easton Stick,LAC,QB,NA,0,12,0,0,0,NA,72,0.115743617750842,8,0,NA,NA,NA,NA,NA,NA
2562771,Kahale Warring,HOU,TE,49,0,10,0,0,0,NA,117,0,15,0,NA,NA,NA,NA,NA,NA
2562804,Penny Hart,IND,WR,49,0,6,0,0,0,NA,208,0,15,0,NA,NA,NA,NA,NA,NA
2562830,Kerrith Whyte,CHI,RB,49,0,6,0,0,0,0,147,0,17,0,NA,NA,NA,NA,NA,NA
2562839,Jon'Vea Johnson,DAL,WR,49,0,8,0,0,0,NA,208,0,15,0,NA,NA,NA,NA,NA,NA
2562906,Cullen Gillaspia,HOU,RB,49,0,10,0,0,0,NA,147,NA,16,0,NA,NA,NA,NA,NA,NA
2563037,Austin Fort,DEN,TE,49,0,10,0,0,0,NA,117,NA,15,0,NA,NA,NA,NA,NA,NA
2563128,Darrius Shepherd,GB,WR,49,0,11,0,0,0,NA,208,0,15,0,NA,NA,NA,NA,NA,NA
2563340,Marcus Simms,JAC,WR,49,0,10,0,0,0,NA,208,NA,15,0,NA,NA,NA,NA,NA,NA
2558167,Joshua Dobbs,PIT,QB,24,2,7,-0.01558627264061,-0.05,-0.007264542936288,0.028438986854253,125,0.200314690220463,8,0.042735457063712,NA,NA,NA,2.74288260235771,NA,NA
2563043,David Blough,DET,QB,49,0,5,-0.215900962861073,-0.48,-0.08724,0.339411254969543,126,NA,9,0.39276,NA,NA,NA,3.76135454545219,NA,NA
